item_id,item_name,description,plaintext,into,tags,stats,from,depth,effect,stacks,consumed,in_store,hide_from_all,consume_on_full,special_recipe,required_champion,base_price,is_purchasable,total_price,sell_price
1001,Boots, 25 Move Speed,Slightly increases Movement Speed,"['3158', '3006', '3009', '3020', '3047', '3111', '3117']",['Boots'],{'FlatMovementSpeedMod': 25},,,,,,,,,,,300.0,True,300.0,210.0
1004,Faerie Charm, 50% Base Mana Regen,Slightly increases Mana Regen,"['2065', '3114', '4642']",['ManaRegen'],{},,,,,,,,,,,250.0,True,250.0,175.0
1006,Rejuvenation Bead, 50% Base Health Regen,Slightly increases Health Regen,"['3109', '3801']",['HealthRegen'],{},,,,,,,,,,,150.0,True,150.0,105.0
1011,Giant's Belt, 350 Health,Greatly increases Health,"['3075', '3001', '3083', '3116', '3748', '4637']",['Health'],{'FlatHPPoolMod': 350},['1028'],2,,,,,,,,,500.0,True,900.0,630.0
1018,Cloak of Agility, 15% Critical Strike Chance,Increases critical strike chance,"['3124', '6676', '3086', '3031', '3036', '3072', '3095', '3139', '3508', '6671', '6672', '6673', '6675']",['CriticalStrike'],{'FlatCritChanceMod': 0.15},,,,,,,,,,,600.0,True,600.0,420.0
1026,Blasting Wand, 40 Ability Power,Moderately increases Ability Power,"['6616', '3100', '3115', '3116', '6655', '3135', '3152', '3165', '3504', '4633', '4636', '4637', '6656']",['SpellDamage'],{'FlatMagicDamageMod': 40},,,,,,,,,,,850.0,True,850.0,595.0
1027,Sapphire Crystal, 250 Mana,Increases Mana,"['3004', '3003', '3024', '3802']",['Mana'],{'FlatMPPoolMod': 250},,,,,,,,,,,350.0,True,350.0,245.0
1028,Ruby Crystal, 150 Health,Increases Health,"['6035', '6609', '1011', '3044', '3053', '3066', '3067', '3211', '3814', '3152', '3165', '3742', '3748', '3801', '4401', '4635', '4636', '6660']",['Health'],{'FlatHPPoolMod': 150},,,,,,,,,,,400.0,True,400.0,280.0
1029,Cloth Armor, 15 Armor,Slightly increases Armor,"['1031', '3193', '3076', '3191', '3024', '3047', '3082', '3105', '6664', '3143']",['Armor'],{'FlatArmorMod': 15},,,,,,,,,,,300.0,True,300.0,210.0
1031,Chain Vest, 40 Armor,Greatly increases Armor,"['3026', '3742', '6333', '6662']",['Armor'],{'FlatArmorMod': 40},['1029'],2,,,,,,,,,500.0,True,800.0,560.0
1033,Null-Magic Mantle, 25 Magic Resist,Slightly increases Magic Resist,"['3193', '1057', '3105', '3211', '3111', '3140', '3155', '4632', '6662']",['SpellBlock'],{'FlatSpellBlockMod': 25},,,,,,,,,,,450.0,True,450.0,315.0
1035,Emberknife,"12% Omnivamp vs. MonstersSear: Damaging Monsters burns them for (60 + 10% Ability Power + 50% bonus Attack Damage + 2% bonus Health) magic damage over 5 seconds.Challenging Path: Smiting 5 times consumes this item upgrade your Smite to Challenging Smite. Challenging Smite marks champions for 4 seconds. During this time, you deal  48 - 81 (based on level) bonus true damage to them over 2.5 seconds on hit and take 20 reduced damage from them.Huntsman: Killing Large Monsters grants bonus experience.Recoup: Regen up to 8 mana per second when in the Jungle or River. Consuming this item grants all item effects permanently. If you have gained more gold from minions than jungle monsters, gold and experience from minions is heavily reduced.",,,['Jungle'],{},,,"{'Effect1Amount': '60', 'Effect2Amount': '25', 'Effect3Amount': '5', 'Effect4Amount': '8'}",,,,,,,,350.0,True,350.0,140.0
1036,Long Sword, 10 Attack Damage,Slightly increases Attack Damage,"['3071', '1053', '3035', '3044', '3051', '3814', '3123', '3133', '3134', '3142', '3155', '6670', '6692']","['Damage', 'Lane']",{'FlatPhysicalDamageMod': 10},,,,,,,,,,,350.0,True,350.0,245.0
1037,Pickaxe, 25 Attack Damage,Moderately increases Attack Damage,"['6035', '3077', '6676', '3085', '3031', '3053', '3139', '3142', '3153', '6029', '6333', '6671', '6672', '6675', '6695']",['Damage'],{'FlatPhysicalDamageMod': 25},,,,,,,,,,,875.0,True,875.0,613.0
1038,B. F. Sword, 40 Attack Damage,Greatly increases Attack Damage,"['3026', '3031', '3072', '3095', '4403']",['Damage'],{'FlatPhysicalDamageMod': 40},,,,,,,,,,,1300.0,True,1300.0,910.0
1039,Hailblade,"12% Omnivamp vs. MonstersSear: Damaging Monsters burns them for (60 + 10% Ability Power + 50% bonus Attack Damage + 2% bonus Health) magic damage over 5 seconds.Chilling Path: Smiting 5 times consumes this item upgrade your Smite to Chilling Smite. When smiting champions Chilling Smite deals 28 - 164 (based on level) true damage and steals 20% of their Move Speed for 2 seconds.Huntsman: Killing Large Monsters grants bonus experience.Recoup: Regen up to 8 mana per second when in the Jungle or River. Consuming this item grants all item effects permanently. If you have gained more gold from minions than jungle monsters, gold and experience from minions is heavily reduced.",Provides damage against Monsters and Mana Regen in the Jungle,,['Jungle'],{},,,"{'Effect1Amount': '60', 'Effect2Amount': '25', 'Effect3Amount': '5', 'Effect4Amount': '8'}",,,,,,,,350.0,True,350.0,140.0
1042,Dagger, 12% Attack Speed,Slightly increases Attack Speed,"['1043', '3091', '3124', '6677', '3085', '2015', '3086', '3006', '3046', '3051', '6670']",['AttackSpeed'],{'PercentAttackSpeedMod': 0.12},,,,,,,,,,,300.0,True,300.0,210.0
1043,Recurve Bow, 25% Attack SpeedSteeltipped: Attacks apply 15 physical damage  On-Hit.,Greatly increases Attack Speed,"['3115', '3153']","['AttackSpeed', 'OnHit']",{'PercentAttackSpeedMod': 0.25},"['1042', '1042']",2,,,,,,,,,400.0,True,1000.0,700.0
1052,Amplifying Tome, 20 Ability Power,Slightly increases Ability Power,"['3191', '3108', '3113', '3115', '3116', '3145', '3802', '4632', '3916', '4629', '4630', '4635', '4637', '4642']",['SpellDamage'],{'FlatMagicDamageMod': 20},,,,,,,,,,,435.0,True,435.0,305.0
1053,Vampiric Scepter, 15 Attack Damage 10% Life Steal,Basic attacks restore Health,"['3072', '3074', '3153', '3181', '4403', '6673', '6692']","['Damage', 'LifeSteal']","{'FlatPhysicalDamageMod': 15, 'PercentLifeStealMod': 0.1}",['1036'],2,,,,,,,,,550.0,True,900.0,630.0
1054,Doran's Shield," 80 HealthFocus: Attacks deal an additional 5 physical damage to minions.Recovery: Restores 6 Health every 5 seconds.Endure: Restores up to 40 Health over 8 seconds after taking damage from a champion, large jungle monster, or epic jungle monster. Restoration increases when you are low Health.Endure 66% effective when owned by  Ranged champions or when taking damage from area of effect or periodic damage sources.",Good defensive starting item,,"['Health', 'HealthRegen', 'Lane']","{'FlatHPPoolMod': 80, 'FlatHPRegenMod': 1.2}",,,"{'Effect1Amount': '8', 'Effect2Amount': '5', 'Effect3Amount': '40', 'Effect4Amount': '0.66'}",,,,,,,,450.0,True,450.0,180.0
1055,Doran's Blade, 8 Attack Damage 80 HealthWarmonger: Gain 2.5% Omnivamp.Omnivamp is only 33% effective when dealing area of effect damage or damage through pets.,Good starting item for attackers,,"['Health', 'Damage', 'SpellVamp', 'Lane']","{'FlatPhysicalDamageMod': 8, 'FlatHPPoolMod': 80}",,,,,,,,,,,450.0,True,450.0,180.0
1056,Doran's Ring," 15 Ability Power 70 HealthFocus: Attacks deal an additional 5 physical damage to minions. Siphon: Killing a minion restores 6 Mana. If you can't gain Mana, restore 3 Health instead.",Good starting item for casters,,"['Health', 'Lane', 'ManaRegen', 'SpellDamage']","{'FlatHPPoolMod': 70, 'FlatMagicDamageMod': 15}",,,,,,,,,,,400.0,True,400.0,160.0
1057,Negatron Cloak, 50 Magic Resist,Moderately increases Magic Resist,"['3091', '3001', '6664', '3222', '4401']",['SpellBlock'],{'FlatSpellBlockMod': 50},['1033'],2,,,,,,,,,450.0,True,900.0,630.0
1058,Needlessly Large Rod, 60 Ability Power,Greatly increases Ability Power,"['3003', '3089', '4403', '4628']",['SpellDamage'],{'FlatMagicDamageMod': 60},,,,,,,,,,,1250.0,True,1250.0,875.0
1082,Dark Seal, 15 Ability Power 40 HealthGlory: Gain 2 stacks for a champion kill or 1 stacks for an assist (up to 10 stacks total). Lose 4 stacks on death.Dread: Grants 5 Ability Power per stack of Glory.Obtained Glory stacks are preserved between this item and Mejai's Soulstealer.,Provides Ability Power and Mana.  Increases in power as you kill enemies.,['3041'],"['Health', 'SpellDamage', 'Lane']","{'FlatHPPoolMod': 40, 'FlatMagicDamageMod': 15}",,,,,,,,,,,350.0,True,350.0,140.0
1083,Cull, 7 Attack DamageAttacks restore 3 Health per hit.Reap: Killing a lane minion grants 1 additional gold. Killing 100 lane minions grants an additional 350 bonus gold immediately and disables Reap.,Provides damage and Life Steal on hit - Killing minions grant bonus Gold,,"['Damage', 'LifeSteal', 'Lane']",{'FlatPhysicalDamageMod': 7},,,,,,,,,,,450.0,True,450.0,180.0
2003,Health Potion, Active - Consume: Drink the potion to restore 150 Health over 15 seconds.You may carry up to 5 Health Potions.,Consume to restore Health over time,,"['HealthRegen', 'Consumable', 'Lane', 'Jungle']",{},,,,5,True,,,,,,50.0,True,50.0,20.0
2010,Total Biscuit of Everlasting Will, Active - Consume: Eat the biscuit to restore 10% missing Health and Mana over 5 seconds. Consuming or selling a biscuit permanently grants 50 maximum Mana. ,,,[],{},,,{'Effect1Amount': '10'},10,True,False,True,,,,75.0,False,75.0,30.0
2015,Kircheis Shard, 15% Attack SpeedEnergized: Moving and Attacking will generate an Energized Attack.Jolt: Energized Attacks gain an additional 80 magic damage.,Attack speed and a chargable magic hit,"['3094', '3095']",['AttackSpeed'],{'PercentAttackSpeedMod': 0.15},['1042'],2,,,,,,,,,400.0,True,700.0,490.0
2031,Refillable Potion, Active - Consume: Consumes a charge to restore 125 Health over 12 seconds. Holds up to 2 charges and refills upon visiting the shop.,Restores Health over time. Refills at shop.,['2033'],"['HealthRegen', 'Consumable', 'Active', 'Lane', 'Jungle']",{},,,,,,,,,,,150.0,True,150.0,60.0
2033,Corrupting Potion," Active - Consume: Consumes a charge to restore 125 Health and 75 Mana over 12 seconds. During this time, damaging Abilities and Attacks burn enemy champions for 15 (20 if you cannot gain Mana) magic damage over 3 seconds. Holds up to 3 charges and refills upon visiting the shop.Corrupting damage is reduced to 50% when triggered by area of effect or periodic damage.",Restores Health and Mana over time and boosts combat power - Refills at Shop,,"['Active', 'Consumable', 'HealthRegen', 'Lane', 'ManaRegen']",{},['2031'],2,,,,,,,,,350.0,True,500.0,200.0
2051,Guardian's Horn, 150 HealthRecovery: Restores 20 Health every 5 seconds.Undaunted: Blocks 15 damage from attacks and spells from champions (25% effectiveness vs. damage over time abilities).Legendary: This item counts as a Legendary item.,Good starting item for tanks,,"['Health', 'HealthRegen', 'Lane']","{'FlatHPPoolMod': 150, 'FlatHPRegenMod': 4}",,,"{'Effect1Amount': '15', 'Effect2Amount': '0.25'}",,,,,,,,950.0,True,950.0,665.0
2052,Poro-Snax,,,,[],{},,,,2,True,False,,,,,0.0,False,0.0,0.0
2055,Control Ward," Active - Consume: Places a powerful Control Ward that grants vision of the surrounding area. This device will also reveal Invisible traps, reveal Camouflaged enemies, and reveal (and disable) enemy Stealth Wards. You may carry up to 2 Control Wards. Control Wards do not disable other Control Wards.",Used to disable wards and invisible traps in an area.,,"['Consumable', 'Lane', 'Stealth', 'Vision']",{},,,"{'Effect1Amount': '1', 'Effect2Amount': '2'}",2,True,,,True,,,75.0,True,75.0,30.0
2065,Shurelya's Battlesong, 350 Health 20 Ability Haste 5% Move Speed 50% Base Mana Regen Active - Inspire: Grants you and nearby allies 40% decaying Move Speed for 4 seconds and an additional 40 - 60 (based on ally level) magic damage on the next 3 Attacks or Ability hits against champions (90s cooldown).Mythic Passive: Grants all other Legendary items  2.5% Move Speed.Strength of level-scaling effects are based on the ally's level.,Activate to speed up nearby allies.,,"['Health', 'Active', 'CooldownReduction', 'NonbootsMovement', 'AbilityHaste']","{'PercentMovementSpeedMod': 0.05, 'FlatHPPoolMod': 350}","['3067', '1004', '3066']",3,,,,,,,,,850.0,True,2700.0,1890.0
2138,Elixir of Iron," Active - Consume: Drink to gain 300 Health, 25% Tenacity, and increased champion size for 3 minutes. While active, moving leaves a path behind that boosts allied champions' Move Speed by 15%.Drinking a different Elixir will replace the existing one's effects.",Temporarily increases defenses. Leaves a trail for allies to follow.,,"['Health', 'Consumable', 'NonbootsMovement', 'Tenacity']",{},,,"{'Effect1Amount': '300', 'Effect2Amount': '0.25', 'Effect3Amount': '3', 'Effect4Amount': '0.15', 'Effect5Amount': '0.15', 'Effect6Amount': '0', 'Effect7Amount': '0', 'Effect8Amount': '9'}",,True,,,True,,,500.0,True,500.0,200.0
2139,Elixir of Sorcery," Active - Consume: Drink to gain 50 Ability Power and 15% Mana Regen for 3 minutes. While active, damaging a champion or turret deals 25 bonus true damage (5s cooldown).Champion level 9 or greater required to purchase. Elixir of Sorcery's true damage effect has no cooldown when attacking turrets. Drinking a different Elixir will replace the existing one's effects.",Temporarily grants Ability Power and Bonus Damage to champions and turrets.,,"['Consumable', 'ManaRegen', 'SpellDamage']",{},,,"{'Effect1Amount': '50', 'Effect2Amount': '50', 'Effect3Amount': '25', 'Effect4Amount': '3', 'Effect5Amount': '5', 'Effect6Amount': '3', 'Effect7Amount': '0', 'Effect8Amount': '9'}",,True,,,True,,,500.0,True,500.0,200.0
2140,Elixir of Wrath, Active - Consume: Drink to gain 30 Attack Damage and 15% Physical Vamp (against champions) for 3 minutes.Drinking a different Elixir will replace the existing one's effects.,Temporarily grants Attack Damage and heals you when dealing physical damage to champions.,,"['Consumable', 'Damage', 'LifeSteal', 'SpellVamp']",{},,,"{'Effect1Amount': '30', 'Effect2Amount': '30', 'Effect3Amount': '0.15', 'Effect4Amount': '3', 'Effect5Amount': '0', 'Effect6Amount': '0', 'Effect7Amount': '0', 'Effect8Amount': '9'}",,True,,,True,,,500.0,True,500.0,200.0
2403,Minion Dematerializer, Active - Consume: Kill target lane minion (10s ).,,,[],{},,,,10,True,False,True,,,,0.0,False,0.0,0.0
2419,Commencing Stopwatch,Transforms into a Stopwatch after 14 minutes. Takedowns reduce this timer by 2 minutes. That Stopwatch contributes 250 gold to the items it builds into.Stopwatch normally contributes 650 gold,,['2420'],['Active'],{},,,,,,False,,,,,0.0,False,0.0,0.0
2420,Stopwatch," Active - Stasis: Use one time only to become Invulnerable and Untargetable for 2.5 seconds, but are prevented from taking any other actions during this time (transforms into a Broken Stopwatch).",Activate to become invincible but unable to take actions,"['3026', '3157']",['Active'],{},,,"{'Effect1Amount': '0', 'Effect2Amount': '2.5'}",,,,,,,,650.0,True,650.0,260.0
2421,Broken Stopwatch,"Shattered Time: Stopwatch is broken, but can still be upgraded.After breaking one Stopwatch, the shopkeeper will only sell you Broken Stopwatches.",Upgrades to stopwatch,"['3157', '3026']",[],{},,,"{'Effect1Amount': '0', 'Effect2Amount': '0', 'Effect3Amount': '0', 'Effect4Amount': '0', 'Effect5Amount': '300'}",,,,True,,,,650.0,True,650.0,260.0
2422,Slightly Magical Footware, 25 Move SpeedGrants an additional 10 Move Speed. Boots that build from Slightly Magical Boots retain this bonus Move Speed.,,"['3006', '3047', '3020', '3158', '3111', '3117', '3009']",['Boots'],{'FlatMovementSpeedMod': 25},,,,,,False,,,,,300.0,False,300.0,210.0
2423,Perfectly Timed Stopwatch," Active - Stasis: Use one time only to become Invulnerable and Untargetable for 2.5 seconds, but are prevented from taking any other actions during this time (transforms into a Broken Stopwatch).",Activate to become invincible but unable to take actions,"['3157', '3026']",['Active'],{},,,"{'Effect1Amount': '0', 'Effect2Amount': '2.5'}",,,False,,,,,650.0,False,650.0,260.0
2424,Broken Stopwatch,"Shattered Time: Stopwatch is broken, but can still be upgraded.After breaking one Stopwatch, the shopkeeper will only sell you Broken Stopwatches.",,"['3157', '3026']",[],{},,,"{'Effect1Amount': '0', 'Effect2Amount': '0', 'Effect3Amount': '0', 'Effect4Amount': '0', 'Effect5Amount': '300'}",,,False,True,,,,650.0,False,650.0,260.0
3001,Abyssal Mask, 350 Health 60 Magic ResistUnmake: Immobilizing a champion causes them to take 10% increased damage for 4 seconds. ,Nearby enemies take more magic damage,,"['Health', 'SpellBlock']","{'FlatHPPoolMod': 350, 'FlatSpellBlockMod': 60}","['1011', '1057']",3,,,,,,,,,900.0,True,2700.0,1890.0
3003,Archangel's Staff, 60 Ability Power 400 ManaAwe: Gain bonus Ability Power equal to 3% of bonus Mana.Mana Charge: Strike a target with an Ability to consume a charge and gain 3 bonus Mana. Bonus Mana gain doubled if the target is a champion. This item transforms into Seraph's Embrace once 450 bonus Mana has been granted.Gain a new Mana Charge every 8 seconds (max 4).,Increases Ability Power based on maximum Mana,,"['SpellDamage', 'Mana', 'Active']","{'FlatMPPoolMod': 400, 'FlatMagicDamageMod': 60}","['3070', '1058', '1027']",2,,,,,,,,,1000.0,True,3000.0,2100.0
3004,Manamune, 35 Attack Damage 400 Mana 15 Ability HasteAwe: Gain bonus Attack Damage equal to 2% max Mana. Mana Charge: Strike a target with an Attack or Ability to consume a charge and gain 3 bonus Mana. Bonus Mana gain doubled if the target is a champion. This item transforms into Muramana once 450 bonus Mana has been granted.Gain a new Mana Charge every 8 seconds (max 4).,Increases Attack Damage based on maximum Mana,,"['Damage', 'Mana', 'ManaRegen', 'CooldownReduction', 'OnHit', 'AbilityHaste']","{'FlatPhysicalDamageMod': 35, 'FlatMPPoolMod': 400}","['3070', '3133', '1027']",3,"{'Effect1Amount': '0', 'Effect2Amount': '0', 'Effect3Amount': '450'}",,,,,,,,750.0,True,2600.0,1820.0
3006,Berserker's Greaves, 35% Attack Speed 45 Move Speed,Enhances Movement Speed and Attack Speed,,"['AttackSpeed', 'Boots']","{'FlatMovementSpeedMod': 45, 'PercentAttackSpeedMod': 0.35}","['1001', '1042']",2,,,,,,,,,500.0,True,1100.0,770.0
3009,Boots of Swiftness, 60 Move SpeedThe strength of movement slowing effects is reduced by 25%.,Enhances Movement Speed and reduces the effect of slows,,['Boots'],{'FlatMovementSpeedMod': 60},['1001'],2,{'Effect1Amount': '0.25'},,,,,,,,600.0,True,900.0,630.0
3011,Chemtech Putrifier, 45 Ability Power 15 Ability Haste 100% Base Mana RegenPuffcap Toxin: Dealing magic damage applies 40% Grievous Wounds to champions for 2 seconds. Immobilizing champions applies 60% Grievous Wounds instead.Grievous Wounds reduces the effectiveness of Healing and Regeneration effects.,,,"['SpellDamage', 'ManaRegen', 'CooldownReduction', 'AbilityHaste']",{'FlatMagicDamageMod': 45},"['3916', '4642']",3,,,,,,,,,450.0,True,2300.0,1610.0
3020,Sorcerer's Shoes, 18 Magic Penetration 45 Move Speed,Enhances Movement Speed and magic damage,,"['Boots', 'MagicPenetration']",{'FlatMovementSpeedMod': 45},['1001'],2,{'Effect1Amount': '18'},,,,,,,,800.0,True,1100.0,770.0
3024,Glacial Buckler, 20 Armor 250 Mana 10 Ability Haste,Increases Armor and Cooldown Reduction,"['3050', '3110']","['Armor', 'Mana', 'CooldownReduction', 'AbilityHaste']","{'FlatMPPoolMod': 250, 'FlatArmorMod': 20}","['1027', '1029']",2,,,,,,,,,250.0,True,900.0,630.0
3026,Guardian Angel," 40 Attack Damage 40 ArmorSaving Grace: Upon taking lethal damage, restores 50% base Health and 30% max Mana after 4 seconds of stasis (300s cooldown).",Periodically revives champion upon death,,"['Armor', 'Damage']","{'FlatPhysicalDamageMod': 40, 'FlatArmorMod': 40}","['1038', '1031', '2420']",3,"{'Effect1Amount': '0.5', 'Effect2Amount': '4', 'Effect3Amount': '300', 'Effect4Amount': '0.3'}",,,,,,,,50.0,True,2800.0,1120.0
3031,Infinity Edge, 70 Attack Damage 20% Critical Strike ChancePerfection: Gain an additional 8% Critical Strike Damage per 20% Critical Strike Chance.,Massively enhances critical strikes,,"['CriticalStrike', 'Damage']","{'FlatPhysicalDamageMod': 70, 'FlatCritChanceMod': 0.2}","['1038', '1037', '1018']",2,,,,,,,,,625.0,True,3400.0,2380.0
3033,Mortal Reminder, 20 Attack Damage 25% Attack Speed 20% Critical Strike Chance 7% Move SpeedSepsis: Dealing physical damage applies 40% Grievous Wounds to enemy champions for 2 seconds. Dealing 3 consecutive Attacks to an enemy champion enhances this effect to 60% Grievous Wounds against them until the effect is allowed to elapse.Grievous Wounds reduces the effectiveness of Healing and Regeneration effects.,Overcomes enemies with high Health recovery and Armor,,"['Damage', 'CriticalStrike', 'AttackSpeed', 'NonbootsMovement']","{'FlatPhysicalDamageMod': 20, 'FlatCritChanceMod': 0.2, 'PercentMovementSpeedMod': 0.07, 'PercentAttackSpeedMod': 0.25}","['3123', '3086']",3,,,,,,,,,700.0,True,2700.0,1890.0
3035,Last Whisper, 20 Attack Damage 20% Armor Penetration,Overcomes enemies with high Armor,"['3036', '6694']","['ArmorPenetration', 'Damage']",{'FlatPhysicalDamageMod': 20},"['1036', '1036']",2,,,,,,,,,750.0,True,1450.0,1015.0
3036,Lord Dominik's Regards, 30 Attack Damage 20% Critical Strike Chance 25% Armor PenetrationGiant Slayer: Deal up to 15% bonus physical damage against champions with greater max Health than you.Max damage increase reached when Health difference is greater than 2000.,Overcomes enemies with high health and armor,,"['Damage', 'CriticalStrike', 'ArmorPenetration']","{'FlatPhysicalDamageMod': 30, 'FlatCritChanceMod': 0.2}","['3035', '1018']",3,{'Effect1Amount': '0.2'},,,,,,,,850.0,True,2900.0,2030.0
3040,Seraph's Embrace, 60 Ability Power 850 ManaAwe: Gain bonus Ability Power equal to 5% bonus Mana.Empyrean: Increase your total Mana by 5% (+2.5% per 100 Ability Power).,,,"['SpellDamage', 'Mana']","{'FlatMPPoolMod': 850, 'FlatMagicDamageMod': 60}",,,,,,False,,,3003,,3000.0,False,3000.0,2100.0
3041,Mejai's Soulstealer, 20 Ability Power 100 HealthGlory: Gain 4 stacks for a champion kill or 2 stacks for an assist (up to 25 stacks total). Lose 10 stacks on death.Dread: Grants 5 Ability Power per stack of Glory. Gain 10% Move Speed if you have at least 10 stacks.Obtained Glory stacks are preserved between this item and Dark Seal.,Grants Ability Power for kills and assists,,"['Health', 'SpellDamage', 'NonbootsMovement']","{'FlatHPPoolMod': 100, 'FlatMagicDamageMod': 20}",['1082'],2,,,,,,,,,1250.0,True,1600.0,1120.0
3042,Muramana," 35 Attack Damage 850 Mana 15 Ability HasteAwe: Gain bonus Attack Damage equal to 2% max Mana. Shock: When targetting champions, Ability strikes and Attacks ( On-Hit) apply an additional (4% max Mana) physical damage. ",,,"['Damage', 'Mana', 'CooldownReduction', 'OnHit']","{'FlatPhysicalDamageMod': 35, 'FlatMPPoolMod': 850}",,,,,,False,,,3004,,2600.0,False,2600.0,1820.0
3043,Muramana," 35 Attack Damage 850 Mana 15 Ability HasteAwe: Gain bonus Attack Damage equal to 2% max Mana. Shock: When targetting champions, Ability strikes and Attacks ( On-Hit) apply an additional (4% max Mana) physical damage. ",,,"['Damage', 'Mana', 'CooldownReduction', 'OnHit']","{'FlatPhysicalDamageMod': 35, 'FlatMPPoolMod': 850}",,,,,,False,,,3008,,2600.0,False,2600.0,1820.0
3044,Phage," 15 Attack Damage 200 HealthSturdy: After you deal physical damage to a champion, restore 2% max Health over 6 seconds.Restoration reduced to 50% for  Ranged users.",Attacks and kills give a small burst of speed,"['6630', '3053', '6632']","['Health', 'HealthRegen', 'Damage']","{'FlatPhysicalDamageMod': 15, 'FlatHPPoolMod': 200}","['1028', '1036']",2,"{'Effect1Amount': '20', 'Effect2Amount': '2', 'Effect3Amount': '60', 'Effect4Amount': '0', 'Effect5Amount': '0', 'Effect6Amount': '0', 'Effect7Amount': '0', 'Effect8Amount': '8'}",,,,,,,,350.0,True,1100.0,770.0
3046,Phantom Dancer," 40% Attack Speed 20% Critical Strike Chance 7% Move SpeedSpectral Waltz: Attacks grant Ghosting and 7% Move Speed for 2 seconds. In addition, Attacking 5 times causes Spectral Waltz to also grant 40% Attack Speed for the same duration.Ghosted units ignore collision with other units.",Move faster while attacking enemies and gain a shield when on low health.,,"['AttackSpeed', 'CriticalStrike', 'NonbootsMovement']","{'FlatCritChanceMod': 0.2, 'PercentMovementSpeedMod': 0.07, 'PercentAttackSpeedMod': 0.4}","['1042', '3086', '1042']",3,"{'Effect1Amount': '0.24', 'Effect2Amount': '10', 'Effect3Amount': '550', 'Effect4Amount': '0.1', 'Effect5Amount': '0.3', 'Effect6Amount': '2.5', 'Effect7Amount': '90', 'Effect8Amount': '240', 'Effect9Amount': '600', 'Effect10Amount': '40', 'Effect11Amount': '5', 'Effect12Amount': '0.3', 'Effect13Amount': '0.7', 'Effect14Amount': '3', 'Effect15Amount': '300', 'Effect16Amount': '1', 'Effect17Amount': '0.4', 'Effect18Amount': '9'}",,,,,,,,1100.0,True,2900.0,2030.0
3047,Plated Steelcaps, 20 Armor 45 Move SpeedReduces incoming damage from Attacks by 12%.,Enhances Movement Speed and reduces incoming basic attack damage,,"['Armor', 'Boots']","{'FlatMovementSpeedMod': 45, 'FlatArmorMod': 20}","['1001', '1029']",2,{'Effect1Amount': '0.12'},,,,,,,,500.0,True,1100.0,770.0
3048,Seraph's Embrace, 60 Ability Power 850 ManaAwe: Gain bonus Ability Power equal to 5% bonus Mana.Empyrean: Increase your total Mana by 5% (+2.5% per 100 Ability Power).,,,"['SpellDamage', 'Mana']","{'FlatMPPoolMod': 850, 'FlatMagicDamageMod': 60}",,,,,,False,,,3007,,3000.0,False,3000.0,2100.0
3050,Zeke's Convergence," 300 Health 30 Armor 250 Mana 20 Ability Haste Active - Conduit: Designate an Accomplice (60s cooldown).Convergence: For 4 seconds after you Immobilize an enemy, your Accomplice's Attacks ( On-Hit) and Ability hits apply an additional (25 - 50 (based on level) + 1.5% Health + 7.5% Ability Power) magic damage to that enemy.Champions can only be linked by one Zeke's Convergence at a time.",Grants you and your ally bonuses when you cast your ultimate.,,"['Health', 'Armor', 'Mana', 'Active', 'CooldownReduction', 'OnHit', 'AbilityHaste']","{'FlatHPPoolMod': 300, 'FlatMPPoolMod': 250, 'FlatArmorMod': 30}","['3067', '3024']",3,,,,,,,,,700.0,True,2400.0,1680.0
3051,Hearthbound Axe, 15 Attack Damage 15% Attack SpeedFootwork: Attacking a unit grants (20 | 10 for Ranged champions) Move Speed for 2 seconds.,,"['3078', '6631', '3091']","['Damage', 'AttackSpeed', 'NonbootsMovement']","{'FlatPhysicalDamageMod': 15, 'PercentAttackSpeedMod': 0.15}","['1042', '1036']",2,"{'Effect1Amount': '20', 'Effect2Amount': '2', 'Effect3Amount': '60'}",,,,,,,,450.0,True,1100.0,770.0
3053,Sterak's Gage," 50 Attack Damage 400 HealthRage: Dealing damage to or taking damage from a champion grants a stack, restoring (2% max Health | 1% max Health for Ranged champions) over 6 seconds. Lifeline: Upon taking damage that would reduce your Health below 30%, gain a 200 Shield (increased by 7.5% max Health per stack of Rage) for 5 seconds (60s cooldown).Rage stacks up to 5 times; 1 per champion. Healing and bonus shielding reduced to 60% for  Ranged users.",Shields against large bursts of damage,,"['Health', 'Damage']","{'FlatPhysicalDamageMod': 50, 'FlatHPPoolMod': 400}","['1037', '3044', '1028']",3,,,,,,,,,725.0,True,3100.0,2170.0
3057,Sheen,"Spellblade: After using an Ability, your next Attack is enhanced with an additional (100% base Attack Damage) physical damage (1.5s cooldown). ",Grants a bonus to next attack after spell cast,"['3078', '3100', '3508', '6632']",[],{},,,,,,,,,,,700.0,True,700.0,490.0
3065,Spirit Visage, 450 Health 40 Magic Resist 10 Ability Haste 100% Base Health RegenBoundless Vitality: Increases all Healing and Shielding effectiveness on you by 25%.,Increases Health and healing effects,,"['Health', 'SpellBlock', 'HealthRegen', 'CooldownReduction', 'AbilityHaste']","{'FlatHPPoolMod': 450, 'FlatSpellBlockMod': 40}","['3211', '3067']",3,,,,,,,,,850.0,True,2900.0,2030.0
3066,Winged Moonplate, 150 HealthFlight: Grants 5% Move Speed.,,"['2065', '3742', '4401']","['Health', 'NonbootsMovement']",{'FlatHPPoolMod': 150},['1028'],2,,,,,,,,,400.0,True,800.0,560.0
3067,Kindlegem, 200 Health 10 Ability Haste,Increases Health and Cooldown Reduction,"['3065', '2065', '3190', '6617', '3071', '6630', '3050', '3078', '3083', '3107', '3109', '3143', '4005', '4403', '4629', '6631', '6632']","['Health', 'CooldownReduction', 'AbilityHaste']",{'FlatHPPoolMod': 200},['1028'],2,,,,,,,,,400.0,True,800.0,560.0
3068,Sunfire Aegis," 450 Health 30 Armor 30 Magic Resist 15 Ability HasteImmolate: Deal (20 - 40 (based on level) + 1% bonus Health) magic damage per second to nearby enemies (increased by 50% against minions and 200% against monsters). Damaging Champions or Epic Monsters with this effect adds a stack, increasing subsequent Immolate damage by 12% for 5 seconds (max stacks 6).Flametouch: At maximum Immolate stacks, your Attacks burn nearby enemies for your Immolate damage per second for 3 seconds.Mythic Passive: Grants all other Legendary items  5 Ability Haste.",High armor. Constantly deals damage to nearby enemies. Immobilize enemies to release a wave of damaging flame,,"['Health', 'SpellBlock', 'Armor', 'Aura', 'CooldownReduction', 'AbilityHaste']","{'FlatHPPoolMod': 450, 'FlatSpellBlockMod': 30, 'FlatArmorMod': 30}","['6660', '3105']",3,,,,,,,,,700.0,True,3200.0,2240.0
3070,Tear of the Goddess," 150 ManaFocus: Attacks deal an additional 5 physical damage to Minions.Mana Charge: Strike a target with an Ability to consume a charge and gain 3 bonus Mana, up to a maximum of 0 bonus Mana. Bonus Mana doubled if the target is a champion.Gain a new Mana Charge every 8 seconds (max 4). ",Increases maximum Mana as Mana is spent,"['3003', '3004']","['Mana', 'ManaRegen']",{'FlatMPPoolMod': 150},,,"{'Effect1Amount': '0', 'Effect2Amount': '0', 'Effect3Amount': '0', 'Effect4Amount': '0', 'Effect5Amount': '450'}",,,,,,,,400.0,True,400.0,280.0
3071,Black Cleaver, 40 Attack Damage 300 Health 25 Ability HasteFlay: Dealing physical damage to a champion applies a stack of 4% Armor reduction for 6 seconds (max 24% Armor reduction).Carve: Damaging Abilities and Attacks ( On-Hit) against fully Shredded enemies deal an additional 5% missing Health physical damage. Damage over time effects deal 40% Carve damage (0.5s cooldown).,Dealing physical damage to enemy champions reduces their Armor,,"['Health', 'Damage', 'CooldownReduction', 'OnHit', 'ArmorPenetration', 'AbilityHaste']","{'FlatPhysicalDamageMod': 40, 'FlatHPPoolMod': 300}","['3133', '3067', '1036']",3,"{'Effect1Amount': '-0.2', 'Effect2Amount': '0.04', 'Effect3Amount': '6', 'Effect4Amount': '6', 'Effect5Amount': '0.24', 'Effect6Amount': '0', 'Effect7Amount': '0', 'Effect8Amount': '0', 'Effect9Amount': '0', 'Effect10Amount': '0.01'}",,,,,,,,1050.0,True,3300.0,2310.0
3072,Bloodthirster, 55 Attack Damage 20% Critical Strike Chance 20% Life StealIchorshield: Life Steal from Attacks can now overheal you. Excess Health is stored as a 50 - 350 (based on level) Shield that decays slowly if you haven't dealt or taken damage in the last 25 seconds.,"Grants Attack Damage, Life Steal and Life Steal now overheals",,"['Damage', 'CriticalStrike', 'LifeSteal']","{'FlatPhysicalDamageMod': 55, 'FlatCritChanceMod': 0.2, 'PercentLifeStealMod': 0.2}","['1038', '1018', '1053']",3,,,,,,,,,600.0,True,3400.0,2380.0
3074,Ravenous Hydra," 65 Attack Damage 20 Ability Haste 15% OmnivampCleave: Attacks and Abilities deal up to (60% Attack Damage) physical damage to other enemies near target hit.Deals a minimum of (12% Attack Damage) damage to units at the end of its range, can only hit each target once per Attack or Ability, and doesn't trigger off of periodic damage.","Melee attacks hit nearby enemies, dealing damage and restoring Health",,"['Damage', 'LifeSteal', 'CooldownReduction', 'SpellVamp', 'AbilityHaste']",{'FlatPhysicalDamageMod': 65},"['3077', '1053', '3133']",3,,,,,,,,,100.0,True,3300.0,2310.0
3075,Thornmail," 350 Health 60 ArmorThorns: When struck by an Attack, deal (10 + 1% bonus Armor) magic damage to the attacker and apply 40% Grievous Wounds for 2 seconds if they are a champion. Immobilizing enemy champions also applies 60% Grievous Wounds for 2 seconds.Grievous Wounds reduces the effectiveness of Healing and Regeneration effects.",,,"['Health', 'Armor']","{'FlatHPPoolMod': 350, 'FlatArmorMod': 60}","['3076', '1011']",3,,,,,,,,,1000.0,True,2700.0,1890.0
3076,Bramble Vest," 35 ArmorThorns: When struck by an Attack, deal (3 + 10% bonus Armor) magic damage to the attacker and apply 40% Grievous Wounds for 2 seconds if they are a champion.Grievous Wounds reduces the effectiveness of Healing and Regeneration effects.",,['3075'],['Armor'],{'FlatArmorMod': 35},"['1029', '1029']",2,,,,,,,,,200.0,True,800.0,560.0
3077,Tiamat, 25 Attack DamageCleave: Attacks deal up to (60% Attack Damage) physical damage to other nearby enemies. Minimum of (12% Attack Damage) damage to enemies furthest away.,Melee attacks hit nearby enemies,"['3074', '3748']",['Damage'],{'FlatPhysicalDamageMod': 25},['1037'],2,"{'Effect1Amount': '0.2', 'Effect2Amount': '0.6'}",,,,,,,,325.0,True,1200.0,840.0
3078,Trinity Force," 35 Attack Damage 35% Attack Speed 200 Health 10 Ability HasteSwift Strikes: Attacks grant 25 Move Speed for 3 seconds. If the target is a champion, increase your base Attack Damage by 6% for 3 seconds, stacking up to 5 times (Max increase 0).Spellblade: After using an Ability, your next Attack is enhanced with an additional (200% base Attack Damage) physical damage (1.5s cooldown). Mythic Passive: Grants all other Legendary items  10 Attack Speed.",Tons of Damage,,"['Health', 'Damage', 'AttackSpeed', 'CooldownReduction', 'NonbootsMovement', 'AbilityHaste']","{'FlatPhysicalDamageMod': 35, 'FlatHPPoolMod': 200, 'PercentAttackSpeedMod': 0.35}","['3057', '3051', '3067']",3,"{'Effect1Amount': '25', 'Effect2Amount': '60', 'Effect3Amount': '2', 'Effect4Amount': '1.5', 'Effect5Amount': '1.5'}",,,,,,,,733.0,True,3333.0,2333.0
3082,Warden's Mail," 40 ArmorRock Solid: Reduce incoming damage from Attacks by up to (0.6% max Health), capped at 40% of the attack's damage.",,"['3110', '3143']",['Armor'],{'FlatArmorMod': 40},"['1029', '1029']",2,,,,,,,,,400.0,True,1000.0,700.0
3083,Warmog's Armor," 800 Health 10 Ability Haste 200% Base Health RegenWarmog's Heart: If you have at least 3000 maximum Health, restore 5% max Health per second if damage hasn't been taken within 6 seconds (3 seconds for non-Champions).",Grants massive Health and Health Regen,,"['Health', 'HealthRegen', 'CooldownReduction', 'AbilityHaste']",{'FlatHPPoolMod': 800},"['1011', '3067', '3801']",3,,,,,,,,,650.0,True,3000.0,2100.0
3085,Runaan's Hurricane," 25 Attack Damage 40% Attack Speed 20% Critical Strike Chance 7% Move SpeedWind's Fury: When Attacking, bolts are fired at up to 2 enemies near the target, each dealing (40 - 70% (based on level) Attack Damage) physical damage. Bolts apply On-Hit effects and can Critically Strike.Item is for  Ranged champions only. Bolts deal 40-70% () of your Attack Damage",Ranged attacks fire two bolts at nearby enemies,,"['Damage', 'CriticalStrike', 'AttackSpeed', 'OnHit', 'NonbootsMovement']","{'FlatPhysicalDamageMod': 25, 'FlatCritChanceMod': 0.2, 'PercentMovementSpeedMod': 0.07, 'PercentAttackSpeedMod': 0.4}","['1037', '3086', '1042']",3,"{'Effect1Amount': '0', 'Effect2Amount': '40', 'Effect3Amount': '2', 'Effect4Amount': '0', 'Effect5Amount': '40', 'Effect6Amount': '1'}",,,,,,,,1025.0,True,3400.0,2380.0
3086,Zeal, 18% Attack Speed 15% Critical Strike ChanceZealous: Gain 7% Move Speed.,"Slight bonuses to Critical Strike Chance, Movement Speed and Attack Speed","['3085', '3033', '3046', '3094', '4403']","['AttackSpeed', 'CriticalStrike', 'NonbootsMovement']","{'FlatCritChanceMod': 0.15, 'PercentAttackSpeedMod': 0.18}","['1018', '1042']",2,{'Effect1Amount': '0.07'},,,,,,,,300.0,True,1200.0,840.0
3089,Rabadon's Deathcap, 120 Ability PowerMagical Opus: Increases your total Ability Power by 35%.,Massively increases Ability Power,,['SpellDamage'],{'FlatMagicDamageMod': 120},"['1058', '1058']",2,,,,,,,,,1300.0,True,3800.0,2660.0
3091,Wit's End, 30 Attack Damage 40% Attack Speed 50 Magic ResistFray: Attacks apply 15 - 80 (based on level) magic damage  On-Hit and grant 20 Move Speed for 2 seconds.,Resist magic damage and claw your way back to life.,,"['SpellBlock', 'Damage', 'AttackSpeed', 'OnHit', 'NonbootsMovement']","{'FlatPhysicalDamageMod': 30, 'FlatSpellBlockMod': 50, 'PercentAttackSpeedMod': 0.4}","['3051', '1057', '1042']",3,,,,,,,,,800.0,True,3100.0,2170.0
3094,Rapid Firecannon," 35% Attack Speed 20% Critical Strike Chance 7% Move SpeedEnergized: Moving and Attacking will generate an Energized Attack.Sharpshooter: Your Energized Attack applies 120 bonus magic damage. In addition, Energized attacks gain up to 35% bonus Attack Range.Attack Range cannot increase more than 150 units.",Movement builds charges that release a sieging fire attack on release,,"['CriticalStrike', 'AttackSpeed', 'NonbootsMovement']","{'FlatCritChanceMod': 0.2, 'PercentMovementSpeedMod': 0.07, 'PercentAttackSpeedMod': 0.35}","['3086', '2015']",3,,,,,,,,,800.0,True,2700.0,1890.0
3095,Stormrazor," 40 Attack Damage 15% Attack Speed 20% Critical Strike ChanceEnergized: Moving and Attacking will generate an Energized Attack.Paralyze: Your Energized Attack gains 120 bonus magic damage. In addition, Energized Attacks slow enemies by 75% for 0.5 seconds.",Tremendously empower other Energized effects.,,"['Damage', 'CriticalStrike', 'AttackSpeed', 'Slow']","{'FlatPhysicalDamageMod': 40, 'FlatCritChanceMod': 0.2, 'PercentAttackSpeedMod': 0.15}","['1038', '1018', '2015']",3,"{'Effect1Amount': '120', 'Effect2Amount': '120', 'Effect3Amount': '5', 'Effect4Amount': '0.35', 'Effect5Amount': '0.75', 'Effect6Amount': '0.5'}",,,,,,,,100.0,True,2700.0,1890.0
3100,Lich Bane," 80 Ability Power 10% Move SpeedSpellblade: After using an Ability, your next Attack is enhanced with an additional (150% base Attack Damage + 60% Ability Power) magic damage (2.5s cooldown).",Grants a bonus to next attack after spell cast,,"['SpellDamage', 'NonbootsMovement']","{'PercentMovementSpeedMod': 0.1, 'FlatMagicDamageMod': 80}","['3057', '3113', '1026']",3,,,,,,,,,600.0,True,3000.0,2100.0
3102,Banshee's Veil, 65 Ability Power 45 Magic Resist 10 Ability HasteAnnul: Grants a Spell Shield that blocks the next enemy Ability (40s cooldown).Item cooldown is restarted if you take damage from champions before it is completed.,Periodically blocks enemy abilities,,"['SpellBlock', 'SpellDamage', 'CooldownReduction', 'AbilityHaste']","{'FlatSpellBlockMod': 45, 'FlatMagicDamageMod': 65}","['3108', '4632']",3,"{'Effect1Amount': '40', 'Effect2Amount': '45', 'Effect3Amount': '10', 'Effect4Amount': '-0.1', 'Effect5Amount': '8', 'Effect6Amount': '2'}",,,,,,,,400.0,True,2500.0,1750.0
3105,Aegis of the Legion, 30 Armor 30 Magic Resist 10 Ability Haste,Grants Armor and Magic Resistance,"['3190', '3193', '3068', '4403']","['SpellBlock', 'Armor', 'CooldownReduction', 'AbilityHaste']","{'FlatSpellBlockMod': 30, 'FlatArmorMod': 30}","['1033', '1029']",2,,,,,,,,,750.0,True,1500.0,1050.0
3107,Redemption," 20% Heal and Shield Power 200 Health 15 Ability Haste 100% Base Mana Regen Active - Judgement: Target an area within 0 range. After 2.5 seconds, call down a beam of light to Restore 180 - 360 (scales with ally level) Health to allies and burn enemy champions for 0% max Health true damage (0s cooldown).Item can be activated whilst dead. Damage and healing reduced by 50% if the target has recently been affected by another Judgement. Strength of level-scaling effects are based on the ally's level.",Activate to heal allies and damage enemies in an area,,"['Health', 'ManaRegen', 'CooldownReduction', 'AbilityHaste']",{'FlatHPPoolMod': 200},"['3067', '3114']",3,,,,,,,,,700.0,True,2300.0,1610.0
3108,Fiendish Codex, 35 Ability Power 10 Ability Haste,Increases Ability Power and Cooldown Reduction,"['3102', '6653', '3157', '4629']","['SpellDamage', 'CooldownReduction', 'AbilityHaste']",{'FlatMagicDamageMod': 35},['1052'],2,{'Effect1Amount': '-0.1'},,,,,,,,465.0,True,900.0,630.0
3109,Knight's Vow," 400 Health 10 Ability Haste 300% Base Health Regen Active - Oathsworn: Designate an ally who is Worthy (60 s cooldown).Sacrifice: While your Worthy ally is nearby, redirect 15% of damage they take to you and if they have less than 50% Health gain 35% Move Speed when running towards them.Champions can only be linked by one Knight's Vow at a time. Damage redirection stops if you have less than 30% Health",Partner with an ally to protect each other,,"['Health', 'HealthRegen', 'Aura', 'Active', 'CooldownReduction', 'NonbootsMovement', 'AbilityHaste']",{'FlatHPPoolMod': 400},"['3801', '1006', '3067']",3,,,,,,,,,700.0,True,2300.0,1610.0
3110,Frozen Heart," 80 Armor 400 Mana 20 Ability HasteWinter's Embrace: Reduces the Attack Speed of nearby enemies by 15%.Rock Solid: Reduce incoming damage from Attacks by up to (0.5% max Health), capped at 40% of the Attack's damage.",Massively increases Armor and slows enemy basic attacks,,"['Armor', 'Mana', 'Aura', 'CooldownReduction', 'AbilityHaste']","{'FlatMPPoolMod': 400, 'FlatArmorMod': 80}","['3082', '3024']",3,,,,,,,,,800.0,True,2700.0,1890.0
3111,Mercury's Treads," 25 Magic Resist 45 Move Speed 30% TenacityTenacity reduces the duration of Stun, Slow, Taunt, Fear, Silence, Blind, Polymorph and Immobilizing effects. It has no effect on Airborne or Suppression.",Increases Movement Speed and reduces duration of disabling effects,,"['Boots', 'SpellBlock', 'Tenacity']","{'FlatMovementSpeedMod': 45, 'FlatSpellBlockMod': 25}","['1001', '1033']",2,,,,,,,,,350.0,True,1100.0,770.0
3112,Guardian's Orb," 40 Ability Power 150 HealthRecovery: Restores 10 Mana every 5 seconds. If you can't gain mana, restores 15 Health instead.Legendary: This item counts as a Legendary item.",Good starting item for mages,,"['Health', 'SpellDamage', 'ManaRegen', 'Lane']","{'FlatHPPoolMod': 150, 'FlatMagicDamageMod': 40}",,,{'Effect1Amount': '3'},,,,,,,,950.0,True,950.0,665.0
3113,Aether Wisp, 30 Ability PowerGlide: Gain 5% Move Speed.,Increases Ability Power and Movement Speed,['3100'],"['NonbootsMovement', 'SpellDamage']",{'FlatMagicDamageMod': 30},['1052'],2,,,,,,,,,415.0,True,850.0,595.0
3114,Forbidden Idol, 10% Heal and Shield Power 50% Base Mana Regen,"Increases Heal and Shield Power, Mana Regeneration, and Cooldown Reduction","['6616', '3107', '3222', '3504']",['ManaRegen'],{},['1004'],2,"{'Effect1Amount': '0', 'Effect2Amount': '0.1'}",,,,,,,,550.0,True,800.0,560.0
3115,Nashor's Tooth, 100 Ability Power 50% Attack SpeedIcathian Bite: Attacks apply (15 + 25% Ability Power) magic damage  On-Hit.,"Increases Attack Speed, Ability Power, and Cooldown Reduction",,"['AttackSpeed', 'SpellDamage', 'OnHit']","{'FlatMagicDamageMod': 100, 'PercentAttackSpeedMod': 0.5}","['1043', '1026', '1052']",3,,,,,,,,,715.0,True,3000.0,2100.0
3116,Rylai's Crystal Scepter, 90 Ability Power 350 HealthRimefrost: Damaging Abilties Slow enemies by 30% for 1 second.,Abilities slow enemies,,"['Health', 'SpellDamage', 'Slow']","{'FlatHPPoolMod': 350, 'FlatMagicDamageMod': 90}","['1026', '1011', '1052']",3,"{'Effect1Amount': '-0.3', 'Effect2Amount': '-0.3', 'Effect3Amount': '-0.3', 'Effect4Amount': '1', 'Effect5Amount': '1', 'Effect6Amount': '1'}",,,,,,,,815.0,True,3000.0,2100.0
3117,Mobility Boots," 25 Move Speed When out of combat for at least 5 seconds, increase this item's effect to  115.",Greatly enhances Movement Speed when out of combat,,['Boots'],{'FlatMovementSpeedMod': 115},['1001'],2,"{'Effect1Amount': '0', 'Effect2Amount': '0', 'Effect3Amount': '0', 'Effect4Amount': '0', 'Effect5Amount': '0', 'Effect6Amount': '0', 'Effect7Amount': '0', 'Effect8Amount': '25'}",,,,,,,,700.0,True,1000.0,700.0
3123,Executioner's Calling, 15 Attack DamageRend: Dealing physical damage applies 40% Grievous Wounds to champions for 2 seconds. Grievous Wounds reduces the effectiveness of Healing and Regeneration effects.,Overcomes enemies with high health gain,"['6609', '3033']",['Damage'],{'FlatPhysicalDamageMod': 15},['1036'],2,{'Effect1Amount': '3'},,,,,,,,450.0,True,800.0,560.0
3124,Guinsoo's Rageblade," 40% Attack Speed 20% Critical Strike ChanceGuinsoo's Exile: Attacks apply 50 physical damage  On-Hit per 20% of your Critical Strike Chance, but you can no longer critically strike.Guinsoo's Chaos: Every third Attack applies your On-Hit effects twice.","Increases Attack Speed, Armor Penetration, and Magic Penetration",,"['CriticalStrike', 'AttackSpeed', 'OnHit']","{'FlatCritChanceMod': 0.2, 'PercentAttackSpeedMod': 0.4}","['6677', '1018', '1042']",3,"{'Effect1Amount': '0.08', 'Effect2Amount': '2.5', 'Effect3Amount': '2.5', 'Effect4Amount': '5', 'Effect5Amount': '6', 'Effect6Amount': '0.1', 'Effect7Amount': '0.1', 'Effect8Amount': '15', 'Effect9Amount': '1', 'Effect10Amount': '3', 'Effect11Amount': '0', 'Effect12Amount': '0', 'Effect13Amount': '3'}",,,,,,,,900.0,True,2600.0,1820.0
3133,Caulfield's Warhammer, 25 Attack Damage 10 Ability Haste,Attack Damage and Cooldown Reduction,"['6609', '3179', '3071', '3004', '3074', '3156', '3508', '6333', '6675', '6691', '6693', '6694']","['Damage', 'CooldownReduction', 'AbilityHaste']",{'FlatPhysicalDamageMod': 25},"['1036', '1036']",2,,0,,,,,,,400.0,True,1100.0,770.0
3134,Serrated Dirk, 30 Attack DamageGouge: Gain 10 Lethality.,Increases Attack Damage and Lethality,"['3142', '3179', '6676', '3814', '3181', '6691', '6692', '6693', '6695']","['Damage', 'ArmorPenetration']",{'FlatPhysicalDamageMod': 30},"['1036', '1036']",2,{'Effect1Amount': '10'},0,,,,,,,400.0,True,1100.0,770.0
3135,Void Staff, 65 Ability Power 40% Magic Penetration,Increases magic damage,,"['MagicPenetration', 'SpellDamage']",{'FlatMagicDamageMod': 65},"['4630', '1026']",3,,,,,,,,,400.0,True,2500.0,1750.0
3139,Mercurial Scimitar, 30 Attack Damage 20% Critical Strike Chance 30 Magic Resist Active - Quicksilver: Remove all crowd control debuffs and also gain 50% Move Speed for 1 second (90s cooldown).,Activate to remove all crowd control debuffs and grant massive Movement Speed,,"['SpellBlock', 'Damage', 'CriticalStrike', 'Active', 'NonbootsMovement', 'Tenacity']","{'FlatPhysicalDamageMod': 30, 'FlatCritChanceMod': 0.2, 'FlatSpellBlockMod': 30}","['3140', '1018', '1037']",3,"{'Effect1Amount': '0.5', 'Effect2Amount': '1', 'Effect3Amount': '90'}",,,,,,,,125.0,True,2900.0,2030.0
3140,Quicksilver Sash, 30 Magic Resist Active - Quicksilver: Removes all crowd control debuffs (90s cooldown).,Activate to remove all crowd control debuffs,"['6035', '3139']","['Active', 'SpellBlock']",{'FlatSpellBlockMod': 30},['1033'],2,,,,,,,,,850.0,True,1300.0,910.0
3142,Youmuu's Ghostblade, 60 Attack Damage 18 Lethality Active - Wraith Step: Gain 20% Move Speed and Ghosting for 6 seconds (45s cooldown).Wandering Blade: Gain 40 Move Speed out of combat.Ghosted units ignore collision with other units..,Activate to greatly increase Movement Speed,,"['Damage', 'Active', 'NonbootsMovement', 'ArmorPenetration']",{'FlatPhysicalDamageMod': 60},"['3134', '1037', '1036']",3,"{'Effect1Amount': '45', 'Effect2Amount': '18', 'Effect3Amount': '0.2', 'Effect4Amount': '0', 'Effect5Amount': '6', 'Effect6Amount': '40'}",,,,,,,,675.0,True,3000.0,2100.0
3143,Randuin's Omen," 250 Health 80 Armor 10 Ability Haste Active: Briefly Slow nearby enemies and reduce their Attack Damage by 10% and Critical Strike Damage by 20% for 4 seconds (60s cooldown).Rock Solid: Reduce incoming damage from Attacks by up to (0.5% max Health), capped at 40% of the attack's damage.","Greatly increases defenses, activate to slow nearby enemies",,"['Health', 'Armor', 'Active', 'CooldownReduction', 'Slow', 'AbilityHaste']","{'FlatHPPoolMod': 250, 'FlatArmorMod': 80}","['3082', '1029', '3067']",3,,,,,,,,,600.0,True,2700.0,1890.0
3145,Hextech Alternator, 40 Ability PowerRevved: Damaging a champion deals an additional 50 - 125 (based on level) magic damage (40s cooldown).,Increases Ability Power. Deal bonus magic damage on attack periodically.,"['3152', '4628', '4636']",['SpellDamage'],{'FlatMagicDamageMod': 40},"['1052', '1052']",2,,,,,,,,,180.0,True,1050.0,735.0
3152,Hextech Rocketbelt," 80 Ability Power 250 Health 15 Ability Haste Active - Hex Bolt: Dash in target direction, unleashing an arc of magic missiles that deal (200 - 300 (based on level) +15% Ability Power) magic damage. Then, gain 75% Move Speed towards enemy champions for 2 seconds (40s cooldown).Mythic Passive: Grants all other Legendary items  5 Magic Penetration.",Activate to dash forward and unleash a fiery explosion,,"['Health', 'SpellDamage', 'Active', 'CooldownReduction', 'NonbootsMovement', 'MagicPenetration', 'AbilityHaste']","{'FlatHPPoolMod': 250, 'FlatMagicDamageMod': 80}","['3145', '1028', '1026']",3,,,,,,,,,900.0,True,3200.0,2240.0
3153,Blade of The Ruined King, 40 Attack Damage 30% Attack Speed 12% Life StealMist's Edge: Attacks apply physical damage  On-Hit equal to (10% | 8% for Ranged users) of the target's current Health. Siphon: Attacking a champion 3 times deals 40 - 150 (based on level) magic damage and steals 25% Move Speed for 2 seconds (20s cooldown).Maximum Mist's Edge damage dealt to monsters and minions is 60.,"Deals damage based on target's Health, can steal Movement Speed",,"['Damage', 'AttackSpeed', 'LifeSteal', 'Slow', 'OnHit']","{'FlatPhysicalDamageMod': 40, 'PercentAttackSpeedMod': 0.3, 'PercentLifeStealMod': 0.12}","['1053', '1043', '1037']",3,,,,,,,,,325.0,True,3100.0,2170.0
3155,Hexdrinker," 20 Attack Damage 35 Magic ResistLifeline: Upon taking magic damage that would reduce Health below 30%, gain 110 - 280 (based on level) magic damage Shield for 3 seconds (90s cooldown).",Increases Attack Damage and Magic Resist,['3156'],"['Damage', 'SpellBlock']","{'FlatPhysicalDamageMod': 20, 'FlatSpellBlockMod': 35}","['1036', '1033']",2,,0,,,,,,,500.0,True,1300.0,910.0
3156,Maw of Malmortius," 50 Attack Damage 50 Magic Resist 15 Ability HasteLifeline: Upon taking magic damage that would reduce Health below 30%, gain (200 + 20% max Health) magic damage Shield for 5 seconds (60s cooldown).",Grants bonus Attack Damage when Health is low,,"['SpellBlock', 'Damage', 'CooldownReduction', 'AbilityHaste']","{'FlatPhysicalDamageMod': 50, 'FlatSpellBlockMod': 50}","['3155', '3133']",3,"{'Effect1Amount': '0', 'Effect2Amount': '0', 'Effect3Amount': '0', 'Effect4Amount': '0', 'Effect5Amount': '0', 'Effect6Amount': '0', 'Effect7Amount': '0', 'Effect8Amount': '0', 'Effect9Amount': '0', 'Effect10Amount': '7'}",0,,,,,,,700.0,True,3100.0,2170.0
3157,Zhonya's Hourglass," 65 Ability Power 45 Armor 10 Ability Haste Active - Stasis: You become Invulnerable and Untargetable for 2.5 seconds, but are prevented from taking any other actions during this time (120s cooldown).",Activate to become invincible but unable to take actions,,"['Armor', 'SpellDamage', 'Active', 'CooldownReduction', 'AbilityHaste']","{'FlatMagicDamageMod': 65, 'FlatArmorMod': 45}","['3191', '2420', '3108']",3,"{'Effect1Amount': '0', 'Effect2Amount': '2.5', 'Effect3Amount': '120'}",,,,,,,,50.0,True,2500.0,1750.0
3158,Ionian Boots of Lucidity," 15 Ability Haste 45 Move SpeedGain 10% Summoner Spell Haste.''This item is dedicated in honor of Ionia's victory over Noxus in the Rematch for the Southern Provinces on 10 December, 20 CLE.'",Increases Movement Speed and Cooldown Reduction,,"['Boots', 'CooldownReduction']",{'FlatMovementSpeedMod': 45},['1001'],2,"{'Effect1Amount': '0', 'Effect2Amount': '0.0909'}",,,,,,,,600.0,True,900.0,630.0
3165,Morellonomicon," 70 Ability Power 250 HealthAffliction: Dealing magic damage applies 40% Grievous Wounds to enemy champions for 2 seconds. If the target is below 50% Health, this effect is increased to 60% Grievous Wounds.Grievous Wounds reduces the effectiveness of Healing and Regeneration effects.",Increases magic damage,,"['Health', 'SpellDamage']","{'FlatHPPoolMod': 250, 'FlatMagicDamageMod': 70}","['1026', '3916', '1028']",3,,,,,,,,,450.0,True,2500.0,1750.0
3177,Guardian's Blade, 30 Attack Damage 150 Health 15 Ability HasteLegendary: This item counts as a Legendary item.,Good starting item for attackers,,"['Health', 'Damage', 'Lane', 'AbilityHaste']","{'FlatPhysicalDamageMod': 30, 'FlatHPPoolMod': 150}",,,{'Effect1Amount': '10'},,,,,,,,950.0,True,950.0,665.0
3179,Umbral Glaive," 50 Attack Damage 12 Lethality 20 Ability HasteBlackout: When spotted by an enemy Ward, reveal traps and disable Wards around you for 8 seconds (45s cooldown). Your Attacks instantly kill revealed traps and do triple damage to Wards.",Provides trap and ward detection periodically,,"['Damage', 'Vision', 'CooldownReduction', 'ArmorPenetration', 'AbilityHaste']",{'FlatPhysicalDamageMod': 50},"['3134', '3133']",3,"{'Effect1Amount': '12', 'Effect2Amount': '8', 'Effect3Amount': '45'}",,,,,,,,600.0,True,2800.0,1960.0
3181,Sanguine Blade," 50 Attack Damage 10 Lethality 12 Physical VampBlood Pursuit: While near one or fewer visible enemy champions gain 8 Lethality and 20% - 80% Attack Speed, decaying over 3 seconds if other enemy champions get too close.",When hunting lone enemy champions gain Attack Speed and Lethality,,"['Damage', 'AttackSpeed', 'LifeSteal', 'SpellVamp', 'ArmorPenetration']",{'FlatPhysicalDamageMod': 50},"['3134', '1053']",3,,,,,,,,,1000.0,True,3000.0,2100.0
3184,Guardian's Hammer, 25 Attack Damage 150 Health 10% Life StealLegendary: This item counts as a Legendary item.,Good starting item for attackers,,"['Health', 'Damage', 'LifeSteal', 'Lane']","{'FlatPhysicalDamageMod': 25, 'FlatHPPoolMod': 150, 'PercentLifeStealMod': 0.1}",,,,,,,,,,,950.0,True,950.0,665.0
3190,Locket of the Iron Solari," 200 Health 20 Ability Haste 30 Armor 30 Magic Resist Active - Intervention: Grant nearby allies a 250 - 420 (based on ally level) Shield, decaying over 2.5 seconds (90s cooldown). Consecrate: Grant nearby allied champions 5 Armor and Magic Resist. Mythic Passive: Grants all other Legendary items 2  Armor/ Magic Resist increase to Consecrate.Strength of level-scaling effects are based on the ally's level.",Activate to shield nearby allies from damage,,"['Health', 'SpellBlock', 'Armor', 'Aura', 'Active', 'CooldownReduction', 'AbilityHaste']","{'FlatHPPoolMod': 200, 'FlatSpellBlockMod': 30, 'FlatArmorMod': 30}","['3067', '3105']",3,,,,,,,,,400.0,True,2700.0,1890.0
3191,Seeker's Armguard, 30 Ability Power 15 ArmorWitch's Path: Killing a unit grants 1 Armor (max 30).,Increases Armor and Ability Power,['3157'],"['Armor', 'SpellDamage']","{'FlatMagicDamageMod': 30, 'FlatArmorMod': 15}","['1052', '1029']",2,"{'Effect1Amount': '1', 'Effect2Amount': '30'}",,,,,,,,165.0,True,900.0,630.0
3193,Gargoyle Stoneplate, 60 Armor 60 Magic Resist 15 Ability Haste Active - Monolith: Gain a (100 + 100% bonus Health) Shield that decays over 2.5 seconds (90s cooldown).Strength of Stone: Taking damage from a champion grants a stack of 3% bonus Armor and 3% bonus Magic Resist for 6 seconds.Max 5 stacks; 1 per champion.,Greatly increases defense near multiple enemies.,,"['SpellBlock', 'Armor', 'Active', 'CooldownReduction', 'AbilityHaste']","{'FlatSpellBlockMod': 60, 'FlatArmorMod': 60}","['1029', '3105', '1033']",3,,,,,,,,,1050.0,True,3300.0,2310.0
3211,Spectre's Cowl," 250 Health 25 Magic ResistIncorporeal: After taking damage from a champion, gain 150% base Health Regen for up to 10 seconds (duration increases with damage taken).",Improves defense and grants regeneration upon being damaged,['3065'],"['Health', 'HealthRegen', 'SpellBlock']","{'FlatHPPoolMod': 250, 'FlatSpellBlockMod': 25}","['1028', '1033']",2,,,,,,,,,400.0,True,1250.0,875.0
3222,Mikael's Blessing, 20% Heal and Shield Power 50 Magic Resist 15 Ability Haste 100% Base Mana Regen Active - Concentrated Quicksilver: Remove all crowd control debuffs (except Knockups and Suppression) from an ally champion and restore 100 - 200 (based on ally level) Health (120s cooldown).,Activate to remove all disabling effects from an allied champion,,"['SpellBlock', 'ManaRegen', 'Active', 'CooldownReduction', 'Tenacity', 'AbilityHaste']",{'FlatSpellBlockMod': 50},"['3114', '1057']",3,,,,,,,,,600.0,True,2300.0,1610.0
3330,Scarecrow Effigy,"Cannot be sold Active - Trinket: Places an effigy that lasts for 130 - 300 (based on level) seconds and appears exactly as Fiddlesticks does to enemies. Stores one charge every 115 - 30 (based on level) seconds, up to maximum 2 charges.Enemy champions approaching an effigy will activate it, causing the effigy to fake a random action, after which the effigy will fall apart.",Periodically place a Stealth Ward,,"['Active', 'Jungle', 'Lane', 'Trinket', 'Vision']",{},,,"{'Effect1Amount': '90', 'Effect2Amount': '240', 'Effect3Amount': '120', 'Effect4Amount': '120', 'Effect5Amount': '2', 'Effect6Amount': '9', 'Effect7Amount': '30', 'Effect8Amount': '120'}",,,,,,,FiddleSticks,0.0,True,0.0,0.0
3340,Stealth Ward," Active - Trinket: Place a Stealth Ward on the ground that lasts between 90 - 120 seconds, is Invisible to enemies but grants your team vision of the surrounding area. Stores up to 2 Stealth Wards, generating a new Ward every 240 - 120 seconds. ",Periodically place a Stealth Ward,,"['Active', 'Jungle', 'Lane', 'Trinket', 'Vision']",{},,,"{'Effect1Amount': '90', 'Effect2Amount': '240', 'Effect3Amount': '120', 'Effect4Amount': '120', 'Effect5Amount': '2', 'Effect6Amount': '9', 'Effect7Amount': '30', 'Effect8Amount': '120'}",,,,,,,,0.0,True,0.0,0.0
3363,Farsight Alteration," Active - Trinket: Reveals an area and places a visible, fragile Ward up to 4000 units away. Allies cannot target this Ward with Summoner Spells or Abilties (198 - 99s cooldown).",Grants increased range and reveals the targetted area,,"['Active', 'Trinket', 'Vision']",{},,,"{'Effect1Amount': '4000', 'Effect2Amount': '2', 'Effect3Amount': '5', 'Effect4Amount': '198', 'Effect5Amount': '60', 'Effect6Amount': '9', 'Effect7Amount': '30', 'Effect8Amount': '120', 'Effect9Amount': '6.5', 'Effect10Amount': '198', 'Effect11Amount': '99', 'Effect12Amount': '60', 'Effect13Amount': '180', 'Effect14Amount': '10', 'Effect15Amount': '45'}",,,,,,,,0.0,True,0.0,0.0
3364,Oracle Lens," Active - Trinket: Scans around you, warning against hidden enemy units, revealing invisible traps and revealing (and temporarily disabling) enemy Stealth Wards for 10 seconds (90 - 60s cooldown).",Disables nearby invisible wards and traps for a duration,,"['Active', 'Trinket', 'Vision']",{},,,"{'Effect1Amount': '6', 'Effect2Amount': '10', 'Effect3Amount': '90', 'Effect4Amount': '60', 'Effect5Amount': '0', 'Effect6Amount': '1', 'Effect7Amount': '30', 'Effect8Amount': '120', 'Effect9Amount': '60'}",,,,,,,,0.0,True,0.0,0.0
3400,Your Cut," Active - Consume: Gain 0 gold.Bonus gold given to an ally when Pyke executes an enemy champion using his Ultimate Ability. If no ally was involved in the kill, Pyke gets to keep the Cut!",,,"['Consumable', 'GoldPer']",{},,,,,True,False,True,,,,0.0,False,0.0,0.0
3504,Ardent Censer," 60 Ability Power 10% Heal and Shield Power 100% Base Mana RegenSanctify: Healing or Shielding an ally enhances you both for 6 seconds, granting your Attacks 10% - 30% (based on ally level) Attack Speed and 5 - 20 (based on ally level) magic damage  On-Hit. Strength of level-scaling effects are based on the ally's level.",Shield and heal effects on other units grant both of you Attack Speed and their attacks deal additional on-hit magic damage.,,"['AttackSpeed', 'SpellDamage', 'ManaRegen', 'OnHit']",{'FlatMagicDamageMod': 60},"['3114', '1026']",3,,,,,,,,,650.0,True,2300.0,1610.0
3508,Essence Reaver," 40 Attack Damage 20% Critical Strike Chance 20 Ability HasteSpellblade: After using an Ability, your next Attack is enhanced with an additional (100% base Attack Damage + 40% bonus Attack Damage) physical damage and restores 3% max Mana (1.5s cooldown).","Gain increased critical strike damage. After casting a spell, deal additional damage and restore mana.",,"['Damage', 'CriticalStrike', 'ManaRegen', 'CooldownReduction', 'AbilityHaste']","{'FlatPhysicalDamageMod': 40, 'FlatCritChanceMod': 0.2}","['3133', '3057', '1018']",3,"{'Effect1Amount': '0.08', 'Effect2Amount': '0.2', 'Effect3Amount': '0.5', 'Effect4Amount': '0.2', 'Effect5Amount': '6', 'Effect6Amount': '30', 'Effect7Amount': '0.2', 'Effect8Amount': '10', 'Effect9Amount': '1', 'Effect10Amount': '1.5'}",,,,,,,,500.0,True,2900.0,2030.0
3513,Eye of the Herald," Active - Consume: Crush the Eye of the Herald after 1 second, summoning the Rift Herald to siege enemy turrets.Glimpse of the Void: The holder of the Eye of the Herald has Empowered Recall.The Eye of the Herald will be lost to the Void if not used within 240 seconds.",Eye of the Herald - a Gift of the Void.,,"['Trinket', 'Active']",{},,,"{'Effect1Amount': '240', 'Effect2Amount': '1', 'Effect3Amount': '20', 'Effect4Amount': '180'}",,True,False,,,,,0.0,False,0.0,0.0
3599,Kalista's Black Spear," Active - Consume: Bind with an ally for the remainder of the game, becoming Oathsworn Allies. Oathsworn empowers you both while near one another.",Kalista's spear that binds an Oathsworn Ally.,,['Consumable'],{},,,,,,,,,,Kalista,0.0,True,0.0,0.0
3600,Kalista's Black Spear," Active - Consume: Bind with an ally for the remainder of the game, becoming Oathsworn Allies. Oathsworn empowers you both while near one another.Required to use Kalista's Ultimate Ability.",Kalista's spear that binds an Oathsworn Ally.,,['Consumable'],{},,,,,,,,,,Sylas,0.0,True,0.0,0.0
3742,Dead Man's Plate," 475 Health 40 Armor 5% Move SpeedShipwrecker: While moving, build up to 60 bonus Move Speed. Your next Attack discharges built up Move Speed to deal up to 100 magic damage. If dealt by a  Melee champion at top speed, the Attack also Slows the target by 50% for 1 second.''There's only one way you'll get this armor from me...'' - forgotten namesake  ",Build momentum as you move around then smash into enemies.,,"['Health', 'Armor', 'Slow', 'NonbootsMovement']","{'PercentMovementSpeedMod': 0.05, 'FlatHPPoolMod': 475, 'FlatArmorMod': 40}","['3066', '1028', '1031']",3,,,,,,,,,900.0,True,2900.0,2030.0
3748,Titanic Hydra," 30 Attack Damage 500 HealthTitanic: Gain bonus Attack Damage equal to 1% max Health.Cleave: Attacks apply an additional (5 + 1.5% max Health) physical damage  On-Hit, creating a shockwave that deals (40 + 3% max Health)  physical damage to enemies behind the target.Deals 75% for  Ranged users.  On-Hit damage is also applied to Structures.",Deals area of effect damage based on owner's health,,"['Health', 'HealthRegen', 'Damage', 'OnHit']","{'FlatPhysicalDamageMod': 30, 'FlatHPPoolMod': 500}","['3077', '1028', '1011']",3,"{'Effect1Amount': '0', 'Effect2Amount': '40', 'Effect3Amount': '0', 'Effect4Amount': '0', 'Effect5Amount': '0.1', 'Effect6Amount': '0', 'Effect7Amount': '0', 'Effect8Amount': '0', 'Effect9Amount': '0', 'Effect10Amount': '5'}",,,,,,,,800.0,True,3300.0,2310.0
3801,Crystalline Bracer, 200 Health 50% Base Health Regen,Grants Health and Health Regen,"['3083', '3109']","['Health', 'HealthRegen']",{'FlatHPPoolMod': 200},"['1028', '1006']",2,,,,,,,,,100.0,True,650.0,455.0
3802,Lost Chapter," 40 Ability Power 300 Mana 10 Ability HasteEnlighten: Upon levelling up, restores 20% max Mana over 3 seconds.",Restores Mana upon levelling up.,"['6655', '6653', '6656']","['SpellDamage', 'Mana', 'ManaRegen', 'CooldownReduction', 'AbilityHaste']","{'FlatMPPoolMod': 300, 'FlatMagicDamageMod': 40}","['1052', '1027', '1052']",2,,,,,,,,,80.0,True,1300.0,910.0
3814,Edge of Night, 50 Attack Damage 10 Lethality 325 HealthAnnul: Gain a Spell Shield that blocks the next enemy Ability (40s cooldown).Item's cooldown is restarted if you take damage before it is completed.,Periodically blocks enemy abilities,,"['Health', 'Damage', 'ArmorPenetration']","{'FlatPhysicalDamageMod': 50, 'FlatHPPoolMod': 325}","['1036', '3134', '1028']",3,"{'Effect1Amount': '10', 'Effect2Amount': '0', 'Effect3Amount': '0', 'Effect4Amount': '40'}",0,,,,,,,1050.0,True,2900.0,2030.0
3850,Spellthief's Edge," 8 Ability Power 10 Health 50% Base Mana Regen 2 Gold Per 10 SecondsTribute: While nearby an ally champion, damaging Abilities and Attacks against champions or buildings grant 20 gold. This can occur up to 3 times every 30 seconds.Quest: Earn 500 gold from this item to transform it into Frostfang, gaining  Active - Warding.This item grants reduced gold from minions if you kill excessive numbers of them.",Gain gold and upgrade by damaging enemy champions,,"['Health', 'SpellDamage', 'ManaRegen', 'Vision', 'GoldPer', 'Lane']","{'FlatHPPoolMod': 10, 'FlatMagicDamageMod': 8}",,,"{'Effect1Amount': '2', 'Effect2Amount': '20', 'Effect3Amount': '20', 'Effect4Amount': '500', 'Effect5Amount': '10', 'Effect6Amount': '3', 'Effect7Amount': '2000'}",,,,,,,,400.0,True,400.0,160.0
3851,Frostfang," 15 Ability Power 70 Health 75% Base Mana Regen 3 Gold Per 10 Seconds Active - Ward: Place a Stealth Ward on the ground that is Invisible to enemies but grants your team vision of the surrounding area. Stores up to 0 Stealth Wards, which refill upon visiting the shop. Tribute: While nearby an ally champion, damaging Abilities and Attacks against champions or buildings grant 20 gold. This can occur up to 3 times every 30 seconds.Quest: Earn 1000 gold from this item to transform it into Shard of True Ice.This item grants reduced gold from minions if you kill excessive numbers of them.",,,"['GoldPer', 'Lane', 'ManaRegen', 'SpellDamage']","{'FlatHPPoolMod': 70, 'FlatMagicDamageMod': 15}",,,"{'Effect1Amount': '3', 'Effect2Amount': '20', 'Effect3Amount': '20', 'Effect4Amount': '1000', 'Effect5Amount': '10', 'Effect6Amount': '3', 'Effect7Amount': '2000'}",,,False,,,3850,,400.0,False,400.0,160.0
3853,Shard of True Ice," 40 Ability Power 75 Health 100% Base Mana Regen 3 Gold Per 10 Seconds Active - Ward: Place a Stealth Ward on the ground that is Invisible to enemies but grants your team vision of the surrounding area. Stores up to 0 Stealth Wards, which refill upon visiting the shop. This item grants reduced gold from minions if you kill excessive numbers of them.",,,"['GoldPer', 'Lane', 'ManaRegen', 'SpellDamage']","{'FlatHPPoolMod': 75, 'FlatMagicDamageMod': 40}",,,{'Effect1Amount': '3'},,,False,,,3851,,400.0,False,400.0,160.0
3854,Steel Shoulderguards," 3 Attack Damage 30 Health 25% Base Health Regen 2 Gold Per 10 Seconds{{ Item_Support_Spoils_Of_War_01 }}Quest: Earn 500 gold from this item to transform it into Runesteel Spaulders, gaining {{ Item_Active_Named_NoBullet }} Warding.{{ Item_Support_Minion_Warning }}",Gain gold and upgrade by executing minions alongside allies,,"['Health', 'HealthRegen', 'Damage', 'Vision', 'GoldPer', 'Lane']","{'FlatPhysicalDamageMod': 3, 'FlatHPPoolMod': 30}",,,"{'Effect1Amount': '2', 'Effect2Amount': '0.5', 'Effect3Amount': '0.3', 'Effect4Amount': '500', 'Effect5Amount': '35', 'Effect6Amount': '3'}",,,,,,,,400.0,True,400.0,160.0
3855,Runesteel Spaulders," 6 Attack Damage 100 Health 50% Base Health Regen 3 Gold Per 10 Seconds Active - Ward: Place a Stealth Ward on the ground that is Invisible to enemies but grants your team vision of the surrounding area. Stores up to 0 Stealth Wards, which refill upon visiting the shop. Spoils of War: While nearby an ally champion, Attacks execute minions below 0% of their max Health. Killing a minion grants the same kill gold to the nearest allied champion. These effects recharge every 0 seconds (Max 0 charges).Quest: Earn 1000 gold from this item to transform it into Pauldrons of Whiterock. This item grants reduced gold from minions if you kill excessive numbers of them.",,,"['Health', 'HealthRegen', 'GoldPer', 'Lane']","{'FlatPhysicalDamageMod': 6, 'FlatHPPoolMod': 100}",,,"{'Effect1Amount': '3', 'Effect2Amount': '0.5', 'Effect3Amount': '0.5', 'Effect4Amount': '1000', 'Effect5Amount': '35', 'Effect6Amount': '3'}",,,False,,,3854,,400.0,False,400.0,160.0
3857,Pauldrons of Whiterock," 15 Attack Damage 250 Health 100% Base Health Regen 3 Gold Per 10 Seconds Active - Ward: Place a Stealth Ward on the ground that is Invisible to enemies but grants your team vision of the surrounding area. Stores up to 0 Stealth Wards, which refill upon visiting the shop. This item grants reduced gold from minions if you kill excessive numbers of them.",,,"['Health', 'HealthRegen', 'GoldPer', 'Lane']","{'FlatPhysicalDamageMod': 15, 'FlatHPPoolMod': 250}",,,{'Effect1Amount': '3'},,,False,,,3855,,400.0,False,400.0,160.0
3858,Relic Shield," 5 Ability Power 30 Health 25% Base Health Regen 2 Gold Per 10 Seconds{{ Item_Support_Spoils_Of_War_01 }}Quest: Earn 500 gold from this item to transform it into Targon's Buckler, gaining {{ Item_Active_Named_NoBullet }} Warding.{{ Item_Support_Minion_Warning }}",Gain gold and upgrade by executing minions alongside allies,,"['Health', 'HealthRegen', 'SpellDamage', 'Vision', 'GoldPer', 'Lane']","{'FlatHPPoolMod': 30, 'FlatMagicDamageMod': 5}",,,"{'Effect1Amount': '2', 'Effect2Amount': '0.5', 'Effect3Amount': '0.3', 'Effect4Amount': '500', 'Effect5Amount': '35', 'Effect6Amount': '3'}",,,,,,,,400.0,True,400.0,160.0
3859,Targon's Buckler," 10 Ability Power 100 Health 50% Base Health Regen 3 Gold Per 10 Seconds Active - Ward: Place a Stealth Ward on the ground that is Invisible to enemies but grants your team vision of the surrounding area. Stores up to 0 Stealth Wards, which refill upon visiting the shop. Spoils of War: While nearby an ally champion, Attacks execute minions below 0% of their max Health. Killing a minion grants the same kill gold to the nearest allied champion. These effects recharge every 0 seconds (Max 0 charges).Quest: Earn 1000 gold from this item to transform it into Bulwark of the Mountain. This item grants reduced gold from minions if you kill excessive numbers of them.",,,"['Health', 'HealthRegen', 'GoldPer', 'Lane']","{'FlatHPPoolMod': 100, 'FlatMagicDamageMod': 10}",,,"{'Effect1Amount': '3', 'Effect2Amount': '0.5', 'Effect3Amount': '0.5', 'Effect4Amount': '1000', 'Effect5Amount': '35', 'Effect6Amount': '3'}",,,False,,,3858,,400.0,False,400.0,160.0
3860,Bulwark of the Mountain," 20 Ability Power 250 Health 100% Base Health Regen 3 Gold Per 10 Seconds Active - Ward: Place a Stealth Ward on the ground that is Invisible to enemies but grants your team vision of the surrounding area. Stores up to 0 Stealth Wards, which refill upon visiting the shop. This item grants reduced gold from minions if you kill excessive numbers of them.",,,"['Health', 'HealthRegen', 'GoldPer', 'Lane']","{'FlatHPPoolMod': 250, 'FlatMagicDamageMod': 20}",,,{'Effect1Amount': '3'},,,False,,,3859,,400.0,False,400.0,160.0
3862,Spectral Sickle," 5 Attack Damage 10 Health 25% Base Mana Regen 2 Gold Per 10 SecondsTribute: While nearby an ally champion, damaging Abilities and Attacks against champions or buildings grant 20 gold. This can occur up to 3 times every 30 seconds.Quest: Earn 500 gold from this item to transform it into Harrowing Crescent, gaining  Active - Warding.This item grants reduced gold from minions if you kill excessive numbers of them.",Gain gold and upgrade by damaging enemy champions,,"['Health', 'Damage', 'ManaRegen', 'Vision', 'GoldPer', 'Lane']","{'FlatPhysicalDamageMod': 5, 'FlatHPPoolMod': 10}",,,"{'Effect1Amount': '2', 'Effect2Amount': '20', 'Effect3Amount': '20', 'Effect4Amount': '500', 'Effect5Amount': '10', 'Effect6Amount': '3', 'Effect7Amount': '2000'}",,,,,,,,400.0,True,400.0,160.0
3863,Harrowing Crescent," 10 Attack Damage 60 Health 50% Base Mana Regen 3 Gold Per 10 Seconds Active - Ward: Place a Stealth Ward on the ground that is Invisible to enemies but grants your team vision of the surrounding area. Stores up to 0 Stealth Wards, which refill upon visiting the shop. Tribute: While nearby an ally champion, damaging Abilities and Attacks against champions or buildings grant 20 gold. This can occur up to 3 times every 30 seconds.Quest: Earn 1000 gold from this item to transform it into Black Mist Scythe.This item grants reduced gold from minions if you kill excessive numbers of them.",,,"['Health', 'ManaRegen', 'GoldPer', 'Lane']","{'FlatPhysicalDamageMod': 10, 'FlatHPPoolMod': 60}",,,"{'Effect1Amount': '3', 'Effect2Amount': '20', 'Effect3Amount': '20', 'Effect4Amount': '1000', 'Effect5Amount': '10', 'Effect6Amount': '3', 'Effect7Amount': '2000'}",,,False,,,3862,,400.0,False,400.0,160.0
3864,Black Mist Scythe," 20 Attack Damage 75 Health 100% Base Mana Regen 3 Gold Per 10 Seconds Active - Ward: Place a Stealth Ward on the ground that is Invisible to enemies but grants your team vision of the surrounding area. Stores up to 0 Stealth Wards, which refill upon visiting the shop. This item grants reduced gold from minions if you kill excessive numbers of them.",,,"['Health', 'ManaRegen', 'GoldPer', 'Lane']","{'FlatPhysicalDamageMod': 20, 'FlatHPPoolMod': 75}",,,{'Effect1Amount': '3'},,,False,,,3863,,400.0,False,400.0,160.0
3916,Oblivion Orb, 30 Ability PowerCursed: Dealing magic damage applies 40% Grievous Wounds to champions for 2 seconds.Grievous Wounds reduces the effectiveness of Healing and Regeneration effects.,Increases magic damage,"['3011', '3165']",['SpellDamage'],{'FlatMagicDamageMod': 30},['1052'],2,"{'Effect1Amount': '15', 'Effect2Amount': '0', 'Effect3Amount': '1.5', 'Effect4Amount': '0', 'Effect5Amount': '0', 'Effect6Amount': '0', 'Effect7Amount': '0', 'Effect8Amount': '1'}",0,,,,,,,365.0,True,800.0,560.0
4005,Imperial Mandate," 40 Ability Power 200 Health 20 Ability Haste 100% Base Mana RegenCoordinated Fire: Abilities that Slow or Immobilize a champion deal 60 - 100 (based on level) bonus magic damage and marks them for 4 seconds. Ally champion damage detonates the mark, dealing an additional 60 - 100 (based on ally level) magic damage and granting you both 20% Move Speed for 2 seconds. (6s cooldown per champion). Mythic Passive: Grants all other Legendary items  15 Ability Power. Strength of level-scaling effects are based on the ally's level.",Defer damage until later.,,"['Health', 'SpellDamage', 'ManaRegen', 'CooldownReduction', 'NonbootsMovement']","{'FlatHPPoolMod': 200, 'FlatMagicDamageMod': 40}","['3067', '4642']",3,,,,,,,,,850.0,True,2700.0,1890.0
4401,Force of Nature, 350 Health 60 Magic Resist 5% Move SpeedAbsorb: Taking damage from Abilities grants you 6 Move Speed and 4 Magic Resist for 5 seconds (stacks up to 5 times; each unique Ability instance can give one stack).,"Movement Speed, Magic Resist, and max Health Regeneration",,"['Health', 'SpellBlock', 'NonbootsMovement']","{'PercentMovementSpeedMod': 0.05, 'FlatHPPoolMod': 350, 'FlatSpellBlockMod': 60}","['1057', '1028', '3066']",3,,,,,,,,,800.0,True,2900.0,2030.0
4403,The Golden Spatula, 70 Attack Damage 120 Ability Power 30 Armor 50% Attack Speed 20 Ability Haste 30% Critical Strike Chance 250 Health 100% Base Health Regen 10% Life Steal 30 Magic Resist 10% Move Speed 250 Mana 100% Base Mana RegenDoing Something: You are permanently On Fire!,It does EVERYTHING!,,"['Health', 'SpellBlock', 'HealthRegen', 'Armor', 'Damage', 'CriticalStrike', 'AttackSpeed', 'LifeSteal', 'SpellDamage', 'Mana', 'ManaRegen', 'CooldownReduction', 'NonbootsMovement']","{'FlatPhysicalDamageMod': 70, 'FlatCritChanceMod': 0.3, 'PercentMovementSpeedMod': 0.1, 'FlatHPPoolMod': 250, 'FlatSpellBlockMod': 30, 'FlatMPPoolMod': 250, 'FlatMagicDamageMod': 120, 'FlatArmorMod': 30, 'PercentAttackSpeedMod': 0.5, 'PercentLifeStealMod': 0.1}","['1038', '1053', '3086', '1058', '3067', '3105']",3,,,,,,,,,687.0,True,7637.0,5346.0
4628,Horizon Focus, 100 Ability PowerHypershot: Damaging a champion with a non-targeted Ability at over 750 range or Immobilizing them Reveals them and increases their damage taken from you by 10% for 6 seconds. The Ability that triggers Hypershot also benefits from the damage increase. Pets and non-immobilizing traps do not trigger this effect. Only the initial placement of zone Abilities will trigger this effect. Distance is measured from the Ability cast position. ,Immobilizing a champion causes lightning to strike them,,['SpellDamage'],{'FlatMagicDamageMod': 100},"['1058', '3145']",3,,,,,,,,,700.0,True,3000.0,2100.0
4629,Cosmic Drive, 70 Ability Power 200 Health 30 Ability HasteSpelldance: Dealing damage with Abilities grants (10 + 20% Ability Haste) Move Speed for 4 seconds.,Massive amounts of Cooldown Reduction,,"['Health', 'SpellDamage', 'CooldownReduction', 'NonbootsMovement', 'AbilityHaste']","{'FlatHPPoolMod': 200, 'FlatMagicDamageMod': 70}","['3108', '3067', '1052']",3,,,,,,,,,865.0,True,3000.0,2100.0
4630,Blighting Jewel, 25 Ability Power 15% Magic Penetration,,['3135'],"['MagicPenetration', 'SpellDamage']",{'FlatMagicDamageMod': 25},['1052'],2,,,,,,,,,815.0,True,1250.0,875.0
4632,Verdant Barrier," 25 Ability Power 25 Magic ResistAdaptive: Every 60 seconds, gain 3 Magic Resist (max 15). Taking magic damage from champions reduces the time until the next increase. Time reduction (in seconds) is equal to 5% of the damage amount.",,['3102'],"['SpellBlock', 'SpellDamage']","{'FlatSpellBlockMod': 25, 'FlatMagicDamageMod': 25}","['1033', '1052']",2,,,,,,,,,315.0,True,1200.0,840.0
4633,Riftmaker," 80 Ability Power 150 Health 15 Ability Haste 15% OmnivampVoid Corruption: For each second in champion combat, deal 3% bonus damage (max 15%). At maximum strength, the bonus damage is dealt as true damage instead. Mythic Passive: Grants all other Legendary items  5% Magic Penetration.",,,"['Health', 'SpellDamage', 'CooldownReduction', 'SpellVamp', 'MagicPenetration', 'AbilityHaste']","{'FlatHPPoolMod': 150, 'FlatMagicDamageMod': 80}","['4635', '1026']",3,,,,,,,,,1050.0,True,3200.0,2240.0
4635,Leeching Leer, 20 Ability Power 150 Health 10% Omnivamp,,['4633'],"['Health', 'SpellVamp']","{'FlatHPPoolMod': 150, 'FlatMagicDamageMod': 20}","['1028', '1052']",2,,,,,,,,,465.0,True,1300.0,910.0
4636,Night Harvester, 80 Ability Power 250 Health 15 Ability HasteThe Reaping: Damaging a champion deals an additional 0 magic damage and grants you 25% Move Speed for 1.5 seconds (40s cooldown per champion).Mythic Passive: Grants all other Legendary items  5 Ability Haste.Damaging a new champion will extend the duration of the Move Speed bonus.,,,"['Health', 'SpellDamage', 'CooldownReduction', 'NonbootsMovement', 'AbilityHaste']","{'FlatHPPoolMod': 250, 'FlatMagicDamageMod': 80}","['3145', '1028', '1026']",3,,,,,,,,,900.0,True,3200.0,2240.0
4637,Demonic Embrace, 70 Ability Power 350 HealthAzakana Gaze: Dealing Ability damage burns enemies for 1.5% max Health magic damage every second for 4 seconds. You gain 10 Armor and Magic Resist  if a champion is affected (+2.5 Armor and Magic Resist for each additional champion affected). ,,,"['Health', 'SpellDamage']","{'FlatHPPoolMod': 350, 'FlatMagicDamageMod': 70}","['1026', '1011', '1052']",3,,,,,,,,,815.0,True,3000.0,2100.0
4638,Watchful Wardstone, 25 Ability HasteArcane Cache: This item can store up to 3 purchased Control Wards.Behold: Increase your Stealth Ward and Control Ward placement caps by 1.Stealth Wards are placed from the Stealth Ward Trinket and the upgraded Unique: Support items.,,['4643'],"['Vision', 'Active', 'CooldownReduction']",{},['4641'],2,,,,False,,,,,0.0,False,1100.0,770.0
4641,Stirring Wardstone,Arcane Cache: This item can store up to 3 purchased Control Wards.Blooming Empire: This item transforms into Watchful Wardstone once 20 Stealth Wards have been placed.Stealth Wards are placed from the Stealth Ward Trinket and the upgraded Unique: Support items.,,['4638'],"['Active', 'CooldownReduction', 'AbilityHaste']",{},,,,,True,,,True,,,1100.0,True,1100.0,770.0
4642,Bandleglass Mirror, 20 Ability Power 10 Ability Haste 50% Base Mana Regen,,"['6617', '3011', '4005']","['SpellDamage', 'ManaRegen', 'CooldownReduction', 'AbilityHaste']",{'FlatMagicDamageMod': 20},"['1004', '1052']",2,,,,,,,,,365.0,True,1050.0,735.0
4643,Vigilant Wardstone, 40 Ability Haste 10% Move SpeedControl: This item can store up to 3 purchased Control Wards.Visions of Ixtal: Increase your Stealth Ward and Control Ward placement caps by 1.Requires Watchful Sightstone to purchase.,,,"['Vision', 'Active', 'CooldownReduction', 'NonbootsMovement', 'AbilityHaste']",{'PercentMovementSpeedMod': 0.1},['4638'],3,,,,,,,,,1200.0,True,2300.0,1610.0
6029,Ironspike Whip," 30 Attack Damage Active - Crescent: Deal (75% Attack Damage) physical damage to nearby enemies. Minions and monsters below 40% Health take 200% damage (15s cooldown, affected by Ability Haste).",,"['6630', '6631']","['Damage', 'Active']",{'FlatPhysicalDamageMod': 30},['1037'],2,,,,,,,,,325.0,True,1200.0,840.0
6035,Silvermere Dawn, 35 Attack Damage 200 Health 35 Magic Resist Active - Quicksilver: Remove all crowd control debuffs and gain 40% Tenacity and 40% Slow Resistance for 3 seconds (90s cooldown).,,,"['Health', 'SpellBlock', 'Damage', 'Active', 'Tenacity']","{'FlatPhysicalDamageMod': 35, 'PercentMovementSpeedMod': 0.07, 'FlatHPPoolMod': 200, 'FlatSpellBlockMod': 35}","['3140', '1037', '1028']",3,"{'Effect1Amount': '0.5', 'Effect2Amount': '1', 'Effect3Amount': '90'}",,,,,,,,425.0,True,3000.0,2100.0
6333,Death's Dance," 50 Attack Damage 40 Armor 15 Ability HasteIgnore Pain: 35% (15% for Ranged users) of physical damage taken is dealt to you over 3 seconds instead.Defy: Champion takedowns cleanse Ignore Pain's remaining damage pool, grant you 30% Move Speed for 2 seconds and restore 1% of max Health over the duration.",,,"['Armor', 'Damage', 'CooldownReduction', 'NonbootsMovement', 'AbilityHaste']","{'FlatPhysicalDamageMod': 50, 'FlatArmorMod': 40}","['1031', '3133', '1037']",3,,0,,,,,,,325.0,True,3100.0,2170.0
6609,Chempunk Chainsword," 45 Attack Damage 200 Health 15 Ability HasteHackshorn: Dealing physical damage applies 40% Grievous Wounds to enemy champions for 2 seconds. If the target is below 50% Health, this effect is increased to 60% Grievous Wounds.Grievous Wounds reduces the effectiveness of Healing and Regeneration effects.",,,"['Health', 'Damage', 'CooldownReduction', 'AbilityHaste']","{'FlatPhysicalDamageMod': 45, 'FlatHPPoolMod': 200}","['3123', '1028', '3133']",3,,,,,,,,,400.0,True,2700.0,1890.0
6616,Staff of Flowing Water, 60 Ability Power 10% Heal and Shield Power 100% Base Mana RegenRapids: Healing or Shielding an ally grants you both 15% Move Speed and 20 - 40 (ally ) Ability Power for 3 seconds.Strength of level-scaling effects are based on the ally's level.,Your heals and shields reduce crowd control and grant movement speed,,"['SpellDamage', 'NonbootsMovement']",{'FlatMagicDamageMod': 60},"['3114', '1026']",3,,,,,,,,,650.0,True,2300.0,1610.0
6617,Moonstone Renewer," 40 Ability Power 200 Health 20 Ability Haste 100% Base Mana RegenVital Stream: When affecting champions with Attacks or Abilities in combat, restore 30 - 60 (based on ally level) Health to the most wounded nearby ally (2s cooldown). Each second spent in combat with champions increases this healing effect by 37.5% (to a maximum of 150%).Mythic Passive: Grants all other Legendary items  5 Ability Haste.Strength of level-scaling effects are based on the ally's level.",Your heals and shields cool down faster and have greater effect on low health allies,,"['Health', 'SpellDamage', 'CooldownReduction']","{'FlatHPPoolMod': 200, 'FlatMagicDamageMod': 40}","['3067', '4642']",3,,,,,,,,,850.0,True,2700.0,1890.0
6630,Goredrinker," 45 Attack Damage 400 Health 20 Ability Haste 150% Base Health Regen Active - Thirsting Slash: Deal (110% Attack Damage) physical damage to nearby enemies. Restore (20% Attack Damage + 12% missing Health) for each champion hit (15s cooldown, reduced by Ability Haste).Spite: Gain 1% Attack Damage for each 5% missing Health (max 15%).Mythic Passive: Grants all other Legendary items  5 Ability Haste.",,,"['Health', 'HealthRegen', 'Damage', 'Active', 'CooldownReduction', 'AbilityHaste']","{'FlatPhysicalDamageMod': 45, 'FlatHPPoolMod': 400}","['6029', '3044', '3067']",3,,,,,,,,,200.0,True,3300.0,2310.0
6631,Stridebreaker," 50 Attack Damage 20% Attack Speed 300 Health 10 Ability Haste Active - Swift Slash: Lunge a short distance and deal (110% Attack Damage) physical damage to nearby enemies, Slowing them by 60%, decaying over 2 seconds (20s cooldown).Heroic Gait: Dealing physical damage grants 30 Move Speed for 2 seconds.Mythic Passive: Grants all other Legendary items  3% Move Speed.",,,"['Health', 'Damage', 'AttackSpeed', 'Active', 'CooldownReduction', 'Slow', 'NonbootsMovement', 'AbilityHaste']","{'FlatPhysicalDamageMod': 50, 'FlatHPPoolMod': 300, 'PercentAttackSpeedMod': 0.2}","['6029', '3051', '3067']",3,"{'Effect1Amount': '0.5', 'Effect2Amount': '0', 'Effect3Amount': '90', 'Effect4Amount': '0', 'Effect5Amount': '10'}",,,,,,,,200.0,True,3300.0,2310.0
6632,Divine Sunderer," 40 Attack Damage 400 Health 20 Ability HasteSpellblade: After using an Ability, your next Attack is enhanced with an additional 10% target max Health physical damage (1.5s cooldown). If the target is a champion, restore {{ Item_Range_Mod_0_Perc }} of the enhanced damage.{{ Item_Mythic_Passive }}  5% Armor PenetrationSpellblade will deal a minimum of (150% base Attack Damage) damage to units, but no more than (250% base Attack Damage) damage to Monsters.",,,"['Health', 'Damage', 'LifeSteal', 'CooldownReduction', 'ArmorPenetration', 'AbilityHaste']","{'FlatPhysicalDamageMod': 40, 'FlatHPPoolMod': 400}","['3044', '3057', '3067']",3,,,,,,,,,700.0,True,3300.0,2310.0
6653,Liandry's Anguish," 80 Ability Power 600 Mana 20 Ability HasteTorment: Dealing damage with Abilities causes enemies to burn for (15 + 2.5% Ability Power) + 1% max Health magic damage per second for 4 seconds. Whilst burning, they lose 5% Magic Resist per second (max reduction 25%).Mythic Passive: Grants all other Legendary items  5 Ability Haste.","Charge up in combat to deal high damage over time, especially against durable enemies",,"['SpellDamage', 'Mana', 'CooldownReduction', 'MagicPenetration', 'AbilityHaste']","{'FlatMPPoolMod': 600, 'FlatMagicDamageMod': 80}","['3802', '3108']",3,,,,,,,,,1200.0,True,3400.0,2380.0
6655,Luden's Tempest, 80 Ability Power 10 Magic Penetration 600 Mana 10 Ability HasteEcho: Damaging Abilities deal an additional (100 + 15% Ability Power) magic damage to the target and 3 nearby enemies and grants you 30% Move Speed for 2 seconds (10s cooldown).Mythic Passive: Grants all other Legendary items  5 Magic Penetration. ,"High burst damage, good against fragile foes",,"['SpellDamage', 'Mana', 'CooldownReduction', 'MagicPenetration', 'AbilityHaste']","{'FlatMPPoolMod': 600, 'FlatMagicDamageMod': 80}","['3802', '1026']",3,,,,,,,,,1250.0,True,3400.0,2380.0
6656,Everfrost," 80 Ability Power 200 Health 600 Mana 10 Ability Haste Active - Glaciate: Deal (100 + 30% Ability Power) magic damage in a cone, Slowing enemies by 65% for 1.5 seconds. Enemies at the center of the cone are Rooted instead (20s cooldown).Mythic Passive: Grants all other Legendary items  15 Ability Power. ",,,"['Health', 'SpellDamage', 'Mana', 'Active', 'CooldownReduction', 'Slow', 'AbilityHaste']","{'FlatHPPoolMod': 200, 'FlatMPPoolMod': 600, 'FlatMagicDamageMod': 80}","['3802', '1026']",3,,,,,,,,,1250.0,True,3400.0,2380.0
6660,Bami's Cinder, 300 HealthImmolate : Deal (15 + 1% bonus Health) magic damage per second to nearby enemies (increased by 50% against minions and 100% against monsters).,,"['3068', '6664', '6662']",['Health'],{'FlatHPPoolMod': 300},"['1028', '1028']",2,,,,,,,,,200.0,True,1000.0,700.0
6662,Frostfire Gauntlet, 350 Health 50 Armor 25 Magic Resist 15 Ability HasteImmolate : Deal (20 - 40 (based on level) + 1% bonus Health) magic damage per second to nearby enemies (increased by 50% against minions and 200% against monsters).Snowbind: Attacks create a frost field for 1.5 seconds (4s cooldown). Enemies that move across the field are Slowed by 30% (increased by your max Health).Mythic Passive: Grants all other Legendary items  100 Health and 7.5% Size.,"High Magic Resist.Passively slow nearby enemies. When spells are cast near you, release a wave of energy that damages and slows.",,"['Health', 'SpellBlock', 'Armor', 'Aura', 'CooldownReduction', 'Slow', 'AbilityHaste']","{'FlatHPPoolMod': 350, 'FlatSpellBlockMod': 25, 'FlatArmorMod': 50}","['6660', '1033', '1031']",3,,,,,,,,,950.0,True,3200.0,2240.0
6664,Turbo Chemtank, 350 Health 25 Armor 50 Magic Resist 15 Ability Haste Active - Supercharged: Grants 75% Move Speed towards enemies or enemy turrets for 4 seconds. Once near an enemy (or after 4 seconds) a shockwave is emitted that Slows nearby champions by 40% for 2 seconds (90s cooldown).Immolate: Deal (20 - 40 (based on level) + 1% bonus Health) magic damage per second to nearby enemies (increased by 50% against minions and 200% against monsters).Mythic Passive: Grants all other Legendary items  5% Tenacity and Slow Resist.,Immobilize enemies to gain a shield. Activate to run faster at opponents.,,"['Health', 'SpellBlock', 'Armor', 'Aura', 'Active', 'CooldownReduction', 'Slow', 'NonbootsMovement', 'Tenacity', 'AbilityHaste']","{'FlatHPPoolMod': 350, 'FlatSpellBlockMod': 50, 'FlatArmorMod': 25}","['6660', '1029', '1057']",3,,,,,,,,,1000.0,True,3200.0,2240.0
6670,Noonquiver, 30 Attack Damage 15% Attack SpeedPrecision: Attacks deal an additional 20 physical damage to Minions and Monsters.,,"['6671', '6672', '6673']","['Damage', 'AttackSpeed']","{'FlatPhysicalDamageMod': 30, 'PercentAttackSpeedMod': 0.15}","['1036', '1042', '1036']",2,,,,,,,,,300.0,True,1300.0,910.0
6671,Galeforce," 55 Attack Damage 20% Attack Speed 20% Critical Strike Chance Active - Cloudburst: Dash in target direction, firing three missiles at the lowest-health enemy near your destination (prioritizing champions). Deals a total of (180 - 220 (based on level) + 45% bonus Attack Damage) magic damage, increased against low-Health targets by up to 50% (90s cooldown).Mythic Passive: Grants all other Legendary items  3% Move SpeedMaxiumum missile damage dealt when enemy Health is below 30%.",,,"['Damage', 'CriticalStrike', 'AttackSpeed', 'Active', 'NonbootsMovement']","{'FlatPhysicalDamageMod': 55, 'FlatCritChanceMod': 0.2, 'PercentAttackSpeedMod': 0.2}","['6670', '1018', '1037']",3,,,,,,,,,625.0,True,3400.0,2380.0
6672,Kraken Slayer, 60 Attack Damage 25% Attack Speed 20% Critical Strike ChanceBring It Down: Every third Attack deals an additional (80 + 30% bonus Attack Damage) true damage.Mythic Passive: Grants all other Legendary items  10% Attack Speed.,,,"['Damage', 'CriticalStrike', 'AttackSpeed', 'ArmorPenetration']","{'FlatPhysicalDamageMod': 60, 'FlatCritChanceMod': 0.2, 'PercentAttackSpeedMod': 0.25}","['6670', '1018', '1037']",3,,,,,,,,,625.0,True,3400.0,2380.0
6673,Immortal Shieldbow," 50 Attack Damage 15% Attack Speed 20% Critical Strike Chance 12% Life StealLifeline: When taking damage that would reduce you below 30% Health, gain a 250 - 330 Shield for 3s. In addition, gain 15% Life Steal for 8s (90s cooldown).Mythic Passive: Grants all other Legendary items  5 Attack Damage and  50 Health.",,,"['Health', 'Damage', 'CriticalStrike', 'AttackSpeed', 'LifeSteal']","{'FlatPhysicalDamageMod': 50, 'FlatCritChanceMod': 0.2, 'PercentAttackSpeedMod': 0.15, 'PercentLifeStealMod': 0.12}","['6670', '1018', '1053']",3,,,,,,,,,600.0,True,3400.0,2380.0
6675,Navori Quickblades, 60 Attack Damage 20% Critical Strike Chance 30 Ability HasteDeft Strikes: Your critical strikes with Attacks reduce your non-Ultimate Ability cooldowns by 20% of their remaining cooldown.,,,"['Damage', 'CriticalStrike', 'CooldownReduction', 'AbilityHaste']","{'FlatPhysicalDamageMod': 60, 'FlatCritChanceMod': 0.2}","['3133', '1037', '1018']",3,"{'Effect1Amount': '0.5', 'Effect2Amount': '1', 'Effect3Amount': '90'}",,,,,,,,825.0,True,3400.0,2380.0
6676,The Collector, 45 Attack Damage 20% Critical Strike Chance 18 LethalityDeath and Taxes: Dealing damage that would leave an enemy below 5% Health executes them. Champion kills grant an additional 25 gold.,,,"['Damage', 'CriticalStrike', 'ArmorPenetration']","{'FlatPhysicalDamageMod': 45, 'FlatCritChanceMod': 0.2}","['3134', '1037', '1018']",3,,,,,,,,,425.0,True,3000.0,2100.0
6677,Rageknife," 25% Attack SpeedWrath: Attacks apply 35 physical damage  On-Hit per 20% of your Critical Strike Chance, but you can no longer Critically Strike.",,['3124'],"['AttackSpeed', 'OnHit']",{'PercentAttackSpeedMod': 0.25},"['1042', '1042']",2,,,,,,,,,200.0,True,800.0,560.0
6691,Duskblade of Draktharr," 55 Attack Damage 18 Lethality 20 Ability HasteNightstalker: Attacking a champion deals an additional (75 + 30% bonus Attack Damage) physical damage and Slows them by 99% for 0.25 seconds (15s cooldown). When a champion that you have damaged within the last 3 seconds dies, this cooldown is refreshed and you become Invisible for 1.5 seconds.Mythic Passive: Grants all other Legendary items  5 Ability Haste.",,,"['Damage', 'Stealth', 'CooldownReduction', 'Slow', 'ArmorPenetration', 'AbilityHaste']",{'FlatPhysicalDamageMod': 55},"['3134', '3133']",3,,,,,,,,,1000.0,True,3200.0,2240.0
6692,Eclipse," 55 Attack Damage 18 Lethality 10% OmnivampEver Rising Moon: Hitting a champion with 2 separate Attacks or Abilities within 1.5 seconds deals an additional 8% max Health physical damage, grants you 30% Move Speed and a (150 + 40% bonus Attack Damage) Shield (100 + 30% bonus Attack Damage for ranged champions) for 2 seconds (6s cooldown, 12s cooldown for ranged champions).Mythic Passive: Grants all other Legendary items  4% Armor Penetration",,,"['Damage', 'LifeSteal', 'SpellVamp', 'NonbootsMovement', 'ArmorPenetration']",{'FlatPhysicalDamageMod': 55},"['3134', '1036', '1053']",3,,,,,,,,,850.0,True,3200.0,2240.0
6693,Prowler's Claw," 55 Attack Damage 21 Lethality 10 Ability Haste Active - From the Shadows: Dash through target enemy, dealing (100 + 30% bonus Attack Damage) physical damage. For the next 3 seconds, you deal 15% increased damage to the target. (60s cooldown).Mythic Passive: Grants all other Legendary items  5 Lethality",,,"['Damage', 'Active', 'CooldownReduction', 'NonbootsMovement', 'ArmorPenetration', 'AbilityHaste']",{'FlatPhysicalDamageMod': 55},"['3134', '3133']",3,,,,,,,,,1000.0,True,3200.0,2240.0
6694,Serylda's Grudge, 45 Attack Damage 30% Armor Penetration 20 Ability HasteThe Grudge: Damaging Abilties Slow enemies by 30% for 1 second.,,,"['Damage', 'CooldownReduction', 'ArmorPenetration', 'AbilityHaste']",{'FlatPhysicalDamageMod': 45},"['3133', '3035']",3,,,,,,,,,850.0,True,3400.0,2380.0
6695,Serpent's Fang, 60 Attack Damage 18 LethalityIllusion of Safety: Attacks and spells deal (50 + 40% bonus Attack Damage) additional physical damage to Shielded targets.Shieldbreaker does not apply to targets with shields that only block magic damage.,,,"['Damage', 'ArmorPenetration']",{'FlatPhysicalDamageMod': 60},"['3134', '1037']",3,,,,,,,,,825.0,True,2800.0,1960.0
